"METAI";"MENESIS";"ISTAIGA";"KIEKIS";"GYDYTOJU_SK";"KIEKIS_VID";"TRUKME_VID"
2010.0;"Sausis";"UAB "VARPO ÐEIMOS KLINIKA"";246.0;6.0;41.0;6.2
2010.0;"Sausis";"UAB "SVEIKATA ÐEIMAI"";102.0;8.0;12.8;6.0
2010.0;"Sausis";"VÐÁ MAÞEIKIØ SENAMIESÈIO PIRMINËS SVEIKATOS PRIEÞIÛROS CENTRAS";100.0;7.0;14.3;6.3
2010.0;"Sausis";"VÐÁ MAÞEIKIØ LIGONINË";71.0;15.0;4.7;9.2
2010.0;"Sausis";"SVEIKATOS PRIEÞIÛROS TARNYBOS PRIE VRM RESPUBLIKINË VILNIAUS POLIKLINIKA";57.0;3.0;19.0;5.3
2010.0;"Sausis";"VÐÁ TIRKÐLIØ PIRMINËS SVEIKATOS PRIEÞIÛROS CENTRAS";39.0;3.0;13.0;5.3
2010.0;"Sausis";"VÐÁ "VILNIAUS GIMDYMO NAMAI"";35.0;7.0;5.0;7.3
2010.0;"Sausis";"UAB R. BURNICKO BPG KABINETAS";31.0;2.0;15.5;5.1
2010.0;"Sausis";"VÐÁ MAÞEIKIØ PIRMINËS SVEIKATOS PRIEÞIÛROS CENTRAS";26.0;10.0;2.6;5.8
2010.0;"Sausis";"VÐÁ ÞIDIKØ PIRMINËS SVEIKATOS PRIEÞIÛROS CENTRAS";19.0;2.0;9.5;6.4
2010.0;"Vasaris";"UAB "SVEIKATA ÐEIMAI"";502.0;9.0;55.8;5.9
2010.0;"Vasaris";"UAB "VARPO ÐEIMOS KLINIKA"";227.0;7.0;32.4;5.9
2010.0;"Vasaris";"VÐÁ MAÞEIKIØ SENAMIESÈIO PIRMINËS SVEIKATOS PRIEÞIÛROS CENTRAS";217.0;7.0;31.0;6.2
2010.0;"Vasaris";"VÐÁ MAÞEIKIØ PIRMINËS SVEIKATOS PRIEÞIÛROS CENTRAS";201.0;14.0;14.4;5.7
2010.0;"Vasaris";"VÐÁ ÐVENÈIONIØ RAJ. PIRMINËS SVEIKATOS PRIEÞIÛROS CENTRAS";159.0;9.0;17.7;5.6
2010.0;"Vasaris";"VÐÁ TIRKÐLIØ PIRMINËS SVEIKATOS PRIEÞIÛROS CENTRAS";109.0;2.0;54.5;5.5
2010.0;"Vasaris";"LINO BIELIAUSKO ÐEIMOS KLINIKA";104.0;4.0;26.0;6.4
2010.0;"Vasaris";"UAB VILKAVIÐKIO ÐEIMOS KLINIKA";86.0;3.0;28.7;6.3
2010.0;"Vasaris";"UAB R. BURNICKO BPG KABINETAS";79.0;2.0;39.5;5.2
2010.0;"Vasaris";"SVEIKATOS PRIEÞIÛROS TARNYBOS PRIE VRM RESPUBLIKINË VILNIAUS POLIKLINIKA";73.0;3.0;24.3;5.7
2010.0;"Kovas";"UAB "SVEIKATA ÐEIMAI"";661.0;8.0;82.6;6.1
2010.0;"Kovas";"VÐÁ MAÞEIKIØ PIRMINËS SVEIKATOS PRIEÞIÛROS CENTRAS";434.0;16.0;27.1;5.7
2010.0;"Kovas";"VÐÁ KËDAINIØ PIRMINËS SVEIKATOS PRIEÞIÛROS CENTRAS";394.0;23.0;17.1;5.7
2010.0;"Kovas";"UAB "VARPO ÐEIMOS KLINIKA"";358.0;7.0;51.1;6.1
2010.0;"Kovas";"UAB ÐILUTËS ÐEIMOS GYDYTOJØ CENTRAS";343.0;6.0;57.2;6.2
2010.0;"Kovas";"UAB ÐEIMOS SVEIKATOS CENTRAS";292.0;4.0;73.0;6.4
2010.0;"Kovas";"VÐÁ MAÞEIKIØ SENAMIESÈIO PIRMINËS SVEIKATOS PRIEÞIÛROS CENTRAS";276.0;8.0;34.5;6.0
2010.0;"Kovas";"VÐÁ TAURAGËS RAJ. PIRMINËS SVEIKATOS PRIEÞIÛROS CENTRAS";276.0;19.0;14.5;5.5
2010.0;"Kovas";"UAB SAULËS ÐEIMOS MEDICINOS CENTRAS";270.0;16.0;16.9;4.6
2010.0;"Kovas";"TELÐIØ RAJ. PIRMINËS SVEIKATOS PRIEÞIÛROS CENTRAS";260.0;10.0;26.0;6.0
2010.0;"Balandis";"VÐÁ ÐEÐKINËS POLIKLINIKA";1410.0;91.0;15.5;5.3
2010.0;"Balandis";"VÐÁ CENTRO POLIKLINIKA";1275.0;112.0;11.4;5.0
2010.0;"Balandis";"VÐÁ VILNIAUS RAJ. CENTRINË POLIKLINIKA";1044.0;49.0;21.3;5.1
2010.0;"Balandis";"VÐÁ JÛRININKØ SVEIKATOS PRIEÞIÛROS CENTRAS";912.0;36.0;25.3;6.4
2010.0;"Balandis";"VÐÁ KAUNO ÐILAINIØ POLIKLINIKA";887.0;60.0;14.8;5.6
2010.0;"Balandis";"VÐÁ ELEKTRËNØ PIRMINËS SVEIKATOS PRIEÞIÛROS CENTRAS";826.0;11.0;75.1;6.6
2010.0;"Balandis";"VÐÁ DRUSKININKØ PIRMINËS SVEIKATOS PRIEÞIÛROS CENTRAS";653.0;29.0;22.5;6.1
2010.0;"Balandis";"VÐÁ MARIJAMPOLËS PIRMINËS SVEIKATOS PRIEÞIÛROS CENTRAS";623.0;36.0;17.3;5.9
2010.0;"Balandis";"VÐÁ ÐVENÈIONIØ RAJ. PIRMINËS SVEIKATOS PRIEÞIÛROS CENTRAS";583.0;29.0;20.1;5.9
2010.0;"Balandis";"VÐÁ MAÞEIKIØ PIRMINËS SVEIKATOS PRIEÞIÛROS CENTRAS";559.0;17.0;32.9;6.3
2010.0;"Geguþë";"VÐÁ CENTRO POLIKLINIKA";2691.0;133.0;20.2;5.1
2010.0;"Geguþë";"VÐÁ ÐEÐKINËS POLIKLINIKA";2399.0;104.0;23.1;5.5
2010.0;"Geguþë";"VÐÁ PANEVËÞIO M. POLIKLINIKA";1436.0;41.0;35.0;6.3
2010.0;"Geguþë";"VÐÁ VILNIAUS RAJ. CENTRINË POLIKLINIKA";1326.0;49.0;27.1;5.3
2010.0;"Geguþë";"VÐÁ KAUNO ÐILAINIØ POLIKLINIKA";1227.0;67.0;18.3;5.5
2010.0;"Geguþë";"VÐÁ JÛRININKØ SVEIKATOS PRIEÞIÛROS CENTRAS";1201.0;33.0;36.4;6.3
2010.0;"Geguþë";"VÐÁ ALYTAUS POLIKLINIKA";956.0;57.0;16.8;6.1
2010.0;"Geguþë";"VÐÁ ELEKTRËNØ PIRMINËS SVEIKATOS PRIEÞIÛROS CENTRAS";909.0;12.0;75.8;6.2
2010.0;"Geguþë";"VÐÁ ÐVENÈIONIØ RAJ. PIRMINËS SVEIKATOS PRIEÞIÛROS CENTRAS";841.0;29.0;29.0;6.0
2010.0;"Geguþë";"VÐÁ JONAVOS PIRMINËS SVEIKATOS PRIEÞIÛROS CENTRAS";809.0;29.0;27.9;5.7
2010.0;"Birþelis";"VÐÁ CENTRO POLIKLINIKA";2542.0;132.0;19.3;5.4
2010.0;"Birþelis";"VÐÁ ÐEÐKINËS POLIKLINIKA";2258.0;109.0;20.7;5.6
2010.0;"Birþelis";"VÐÁ ALYTAUS POLIKLINIKA";1604.0;58.0;27.7;6.2
2010.0;"Birþelis";"VÐÁ PANEVËÞIO M. POLIKLINIKA";1401.0;41.0;34.2;6.1
2010.0;"Birþelis";"VÐÁ VILNIAUS RAJ. CENTRINË POLIKLINIKA";1391.0;52.0;26.8;5.4
2010.0;"Birþelis";"VÐÁ KAUNO M. POLIKLINIKA";1346.0;75.0;17.9;5.9
2010.0;"Birþelis";"VÐÁ KAUNO ÐILAINIØ POLIKLINIKA";1204.0;66.0;18.2;5.5
2010.0;"Birþelis";"VÐÁ JÛRININKØ SVEIKATOS PRIEÞIÛROS CENTRAS";1161.0;34.0;34.1;6.2
2010.0;"Birþelis";"VÐÁ RESPUBLIKINË PANEVËÞIO LIGONINË";971.0;128.0;7.6;9.9
2010.0;"Birþelis";"VÐÁ PANEVËÞIO RAJ. SAV. POLIKLINIKA";864.0;39.0;22.2;6.7
2010.0;"Liepa";"VÐÁ CENTRO POLIKLINIKA";3284.0;130.0;25.3;6.1
2010.0;"Liepa";"VÐÁ VILNIAUS RAJ. CENTRINË POLIKLINIKA";2296.0;54.0;42.5;6.1
2010.0;"Liepa";"VÐÁ ÐEÐKINËS POLIKLINIKA";1890.0;106.0;17.8;6.2
2010.0;"Liepa";"LIETUVOS SVEIKATOS MOKSLØ UNIVERSITETO LIGONINË KAUNO KLINIKOS";1797.0;293.0;6.1;11.5
2010.0;"Liepa";"VÐÁ ANTAKALNIO POLIKLINIKA";1659.0;83.0;20.0;6.1
2010.0;"Liepa";"VÐÁ ALYTAUS POLIKLINIKA";1579.0;54.0;29.2;6.8
2010.0;"Liepa";"VÐÁ KAUNO ÐILAINIØ POLIKLINIKA";1549.0;74.0;20.9;6.1
2010.0;"Liepa";"VÐÁ KLAIPËDOS M. POLIKLINIKA";1495.0;50.0;29.9;6.6
2010.0;"Liepa";"VÐÁ KAUNO M. POLIKLINIKA";1404.0;78.0;18.0;6.3
2010.0;"Liepa";"VÐÁ JÛRININKØ SVEIKATOS PRIEÞIÛROS CENTRAS";1324.0;32.0;41.4;6.8
2010.0;"Rugpjûtis";"VÐÁ CENTRO POLIKLINIKA";3540.0;134.0;26.4;6.0
2010.0;"Rugpjûtis";"VÐÁ VILNIAUS RAJ. CENTRINË POLIKLINIKA";2346.0;53.0;44.3;5.7
2010.0;"Rugpjûtis";"VÐÁ ÐEÐKINËS POLIKLINIKA";2175.0;109.0;20.0;6.0
2010.0;"Rugpjûtis";"VÐÁ ANTAKALNIO POLIKLINIKA";2030.0;89.0;22.8;5.9
2010.0;"Rugpjûtis";"LIETUVOS SVEIKATOS MOKSLØ UNIVERSITETO LIGONINË KAUNO KLINIKOS";1959.0;310.0;6.3;10.8
2010.0;"Rugpjûtis";"VÐÁ ALYTAUS POLIKLINIKA";1732.0;52.0;33.3;6.6
2010.0;"Rugpjûtis";"VÐÁ KAUNO ÐILAINIØ POLIKLINIKA";1697.0;71.0;23.9;6.0
2010.0;"Rugpjûtis";"VÐÁ KAUNO M. POLIKLINIKA";1620.0;70.0;23.1;6.2
2010.0;"Rugpjûtis";"VÐÁ KLAIPËDOS M. POLIKLINIKA";1601.0;57.0;28.1;6.4
2010.0;"Rugpjûtis";"VÐÁ KAROLINIÐKIØ POLIKLINIKA";1417.0;64.0;22.1;6.0
2010.0;"Rugsëjis";"VÐÁ CENTRO POLIKLINIKA";5130.0;154.0;33.3;5.5
2010.0;"Rugsëjis";"VÐÁ ÐEÐKINËS POLIKLINIKA";3325.0;115.0;28.9;5.6
2010.0;"Rugsëjis";"VÐÁ ANTAKALNIO POLIKLINIKA";3137.0;100.0;31.4;5.4
2010.0;"Rugsëjis";"VÐÁ VILNIAUS RAJ. CENTRINË POLIKLINIKA";3114.0;55.0;56.6;5.4
2010.0;"Rugsëjis";"LIETUVOS SVEIKATOS MOKSLØ UNIVERSITETO LIGONINË KAUNO KLINIKOS";2329.0;343.0;6.8;10.9
2010.0;"Rugsëjis";"VÐÁ KAUNO ÐILAINIØ POLIKLINIKA";2156.0;75.0;28.7;5.7
2010.0;"Rugsëjis";"VÐÁ ALYTAUS POLIKLINIKA";2050.0;64.0;32.0;6.2
2010.0;"Rugsëjis";"VÐÁ KAUNO M. POLIKLINIKA";1982.0;80.0;24.8;5.8
2010.0;"Rugsëjis";"VÐÁ KAROLINIÐKIØ POLIKLINIKA";1926.0;65.0;29.6;5.6
2010.0;"Rugsëjis";"VÐÁ KLAIPËDOS M. POLIKLINIKA";1816.0;67.0;27.1;6.1
2010.0;"Spalis";"VÐÁ CENTRO POLIKLINIKA";5316.0;158.0;33.6;5.5
2010.0;"Spalis";"VÐÁ ANTAKALNIO POLIKLINIKA";3299.0;102.0;32.3;5.5
2010.0;"Spalis";"VÐÁ ÐEÐKINËS POLIKLINIKA";3296.0;110.0;30.0;5.4
2010.0;"Spalis";"VÐÁ VILNIAUS RAJ. CENTRINË POLIKLINIKA";3266.0;57.0;57.3;5.6
2010.0;"Spalis";"LIETUVOS SVEIKATOS MOKSLØ UNIVERSITETO LIGONINË KAUNO KLINIKOS";2344.0;358.0;6.5;10.6
2010.0;"Spalis";"VÐÁ KAUNO ÐILAINIØ POLIKLINIKA";2295.0;81.0;28.3;5.6
2010.0;"Spalis";"VÐÁ ALYTAUS POLIKLINIKA";2216.0;63.0;35.2;6.2
2010.0;"Spalis";"VÐÁ KLAIPËDOS M. POLIKLINIKA";2208.0;66.0;33.5;6.0
2010.0;"Spalis";"VÐÁ KAUNO M. POLIKLINIKA";2128.0;79.0;26.9;5.8
2010.0;"Spalis";"VÐÁ KAROLINIÐKIØ POLIKLINIKA";2104.0;69.0;30.5;5.5
2010.0;"Lapkritis";"VÐÁ CENTRO POLIKLINIKA";5062.0;153.0;33.1;5.5
2010.0;"Lapkritis";"VÐÁ ÐEÐKINËS POLIKLINIKA";3365.0;111.0;30.3;5.4
2010.0;"Lapkritis";"VÐÁ ANTAKALNIO POLIKLINIKA";3210.0;106.0;30.3;5.4
2010.0;"Lapkritis";"VÐÁ VILNIAUS RAJ. CENTRINË POLIKLINIKA";3187.0;58.0;54.9;5.6
2010.0;"Lapkritis";"LIETUVOS SVEIKATOS MOKSLØ UNIVERSITETO LIGONINË KAUNO KLINIKOS";2489.0;373.0;6.7;10.9
2010.0;"Lapkritis";"VÐÁ ALYTAUS POLIKLINIKA";2263.0;61.0;37.1;6.1
2010.0;"Lapkritis";"VÐÁ KAUNO M. POLIKLINIKA";2208.0;84.0;26.3;5.9
2010.0;"Lapkritis";"VÐÁ KAUNO ÐILAINIØ POLIKLINIKA";2137.0;78.0;27.4;5.6
2010.0;"Lapkritis";"VÐÁ KLAIPËDOS M. POLIKLINIKA";2111.0;68.0;31.0;6.0
2010.0;"Lapkritis";"VÐÁ ÐIAULIØ CENTRO POLIKLINIKA";2029.0;55.0;36.9;6.0
2010.0;"Gruodis";"VÐÁ CENTRO POLIKLINIKA";6908.0;153.0;45.2;5.4
2010.0;"Gruodis";"VÐÁ ÐEÐKINËS POLIKLINIKA";4640.0;117.0;39.7;5.3
2010.0;"Gruodis";"VÐÁ VILNIAUS RAJ. CENTRINË POLIKLINIKA";4474.0;57.0;78.5;5.4
2010.0;"Gruodis";"VÐÁ ANTAKALNIO POLIKLINIKA";4225.0;104.0;40.6;5.4
2010.0;"Gruodis";"VÐÁ KAROLINIÐKIØ POLIKLINIKA";2772.0;72.0;38.5;5.4
2010.0;"Gruodis";"VÐÁ KLAIPËDOS M. POLIKLINIKA";2687.0;67.0;40.1;6.1
2010.0;"Gruodis";"LIETUVOS SVEIKATOS MOKSLØ UNIVERSITETO LIGONINË KAUNO KLINIKOS";2525.0;371.0;6.8;10.5
2010.0;"Gruodis";"VÐÁ ALYTAUS POLIKLINIKA";2476.0;62.0;39.9;6.1
2010.0;"Gruodis";"VÐÁ KAUNO ÐILAINIØ POLIKLINIKA";2474.0;76.0;32.6;5.5
2010.0;"Gruodis";"VÐÁ KAUNO M. POLIKLINIKA";2470.0;86.0;28.7;5.7
2010.0;"Uþ visus metus";"VÐÁ CENTRO POLIKLINIKA";35752.0;187.0;191.2;5.5
2010.0;"Uþ visus metus";"VÐÁ ÐEÐKINËS POLIKLINIKA";24758.0;129.0;191.9;5.6
2010.0;"Uþ visus metus";"VÐÁ VILNIAUS RAJ. CENTRINË POLIKLINIKA";22444.0;67.0;335.0;5.5
2010.0;"Uþ visus metus";"VÐÁ ANTAKALNIO POLIKLINIKA";17799.0;116.0;153.4;5.5
2010.0;"Uþ visus metus";"VÐÁ KAUNO ÐILAINIØ POLIKLINIKA";15677.0;86.0;182.3;5.7
2010.0;"Uþ visus metus";"VÐÁ ALYTAUS POLIKLINIKA";14881.0;66.0;225.5;6.3
2010.0;"Uþ visus metus";"VÐÁ KAUNO M. POLIKLINIKA";13724.0;102.0;134.5;6.0
2010.0;"Uþ visus metus";"LIETUVOS SVEIKATOS MOKSLØ UNIVERSITETO LIGONINË KAUNO KLINIKOS";13448.0;468.0;28.7;10.8
2010.0;"Uþ visus metus";"VÐÁ JÛRININKØ SVEIKATOS PRIEÞIÛROS CENTRAS";12927.0;40.0;323.2;6.4
2010.0;"Uþ visus metus";"VÐÁ PANEVËÞIO M. POLIKLINIKA";12663.0;47.0;269.4;6.2
2011.0;"Sausis";"VÐÁ CENTRO POLIKLINIKA";8690.0;155.0;56.1;5.3
2011.0;"Sausis";"VÐÁ ÐEÐKINËS POLIKLINIKA";5664.0;114.0;49.7;5.4
2011.0;"Sausis";"VÐÁ ANTAKALNIO POLIKLINIKA";5188.0;102.0;50.9;5.4
2011.0;"Sausis";"VÐÁ VILNIAUS RAJ. CENTRINË POLIKLINIKA";5033.0;61.0;82.5;5.4
2011.0;"Sausis";"VÐÁ KLAIPËDOS M. POLIKLINIKA";4096.0;68.0;60.2;5.7
2011.0;"Sausis";"VÐÁ KAUNO ÐILAINIØ POLIKLINIKA";3726.0;73.0;51.0;5.2
2011.0;"Sausis";"VÐÁ ÐIAULIØ CENTRO POLIKLINIKA";3368.0;58.0;58.1;5.8
2011.0;"Sausis";"VÐÁ ALYTAUS POLIKLINIKA";3340.0;62.0;53.9;5.9
2011.0;"Sausis";"VÐÁ KAUNO M. POLIKLINIKA";3310.0;80.0;41.4;5.5
2011.0;"Sausis";"VÐÁ KAROLINIÐKIØ POLIKLINIKA";3277.0;75.0;43.7;5.5
2011.0;"Vasaris";"VÐÁ CENTRO POLIKLINIKA";7231.0;155.0;46.7;5.4
2011.0;"Vasaris";"VÐÁ ÐEÐKINËS POLIKLINIKA";4915.0;109.0;45.1;5.6
2011.0;"Vasaris";"VÐÁ ANTAKALNIO POLIKLINIKA";4574.0;103.0;44.4;5.4
2011.0;"Vasaris";"VÐÁ VILNIAUS RAJ. CENTRINË POLIKLINIKA";4541.0;58.0;78.3;5.4
2011.0;"Vasaris";"VÐÁ KLAIPËDOS M. POLIKLINIKA";3174.0;65.0;48.8;6.0
2011.0;"Vasaris";"VÐÁ KAROLINIÐKIØ POLIKLINIKA";3165.0;68.0;46.5;5.5
2011.0;"Vasaris";"VÐÁ ÐIAULIØ CENTRO POLIKLINIKA";2848.0;56.0;50.9;6.0
2011.0;"Vasaris";"VÐÁ KAUNO ÐILAINIØ POLIKLINIKA";2841.0;75.0;37.9;5.3
2011.0;"Vasaris";"VÐÁ KAUNO M. POLIKLINIKA";2770.0;80.0;34.6;5.6
2011.0;"Vasaris";"VÐÁ ALYTAUS POLIKLINIKA";2764.0;64.0;43.2;6.0
2011.0;"Kovas";"VÐÁ CENTRO POLIKLINIKA";8012.0;151.0;53.1;5.3
2011.0;"Kovas";"VÐÁ ÐEÐKINËS POLIKLINIKA";5679.0;114.0;49.8;5.4
2011.0;"Kovas";"VÐÁ ANTAKALNIO POLIKLINIKA";4966.0;101.0;49.2;5.3
2011.0;"Kovas";"VÐÁ VILNIAUS RAJ. CENTRINË POLIKLINIKA";4650.0;57.0;81.6;5.3
2011.0;"Kovas";"VÐÁ PANEVËÞIO M. POLIKLINIKA";3297.0;46.0;71.7;5.6
2011.0;"Kovas";"VÐÁ KAROLINIÐKIØ POLIKLINIKA";3240.0;75.0;43.2;5.4
2011.0;"Kovas";"VÐÁ KAUNO M. POLIKLINIKA";3083.0;85.0;36.3;5.5
2011.0;"Kovas";"VÐÁ ÐIAULIØ CENTRO POLIKLINIKA";3065.0;57.0;53.8;5.9
2011.0;"Kovas";"LIETUVOS SVEIKATOS MOKSLØ UNIVERSITETO LIGONINË KAUNO KLINIKOS";3011.0;385.0;7.8;10.3
2011.0;"Kovas";"VÐÁ KAUNO ÐILAINIØ POLIKLINIKA";2961.0;76.0;39.0;5.3
2011.0;"Balandis";"VÐÁ CENTRO POLIKLINIKA";5617.0;151.0;37.2;5.6
2011.0;"Balandis";"VÐÁ ÐEÐKINËS POLIKLINIKA";4000.0;113.0;35.4;5.7
2011.0;"Balandis";"VÐÁ VILNIAUS RAJ. CENTRINË POLIKLINIKA";3482.0;62.0;56.2;5.5
2011.0;"Balandis";"VÐÁ ANTAKALNIO POLIKLINIKA";3339.0;100.0;33.4;5.4
2011.0;"Balandis";"VÐÁ KAUNO KLINIKINË LIGONINË";2586.0;177.0;14.6;8.3
2011.0;"Balandis";"LIETUVOS SVEIKATOS MOKSLØ UNIVERSITETO LIGONINË KAUNO KLINIKOS";2518.0;376.0;6.7;10.6
2011.0;"Balandis";"VÐÁ KLAIPËDOS M. POLIKLINIKA";2394.0;66.0;36.3;6.1
2011.0;"Balandis";"VÐÁ KAROLINIÐKIØ POLIKLINIKA";2249.0;75.0;30.0;5.5
2011.0;"Balandis";"VÐÁ KAUNO ÐILAINIØ POLIKLINIKA";2236.0;72.0;31.1;5.5
2011.0;"Balandis";"VÐÁ ÐIAULIØ CENTRO POLIKLINIKA";2230.0;57.0;39.1;6.1
2011.0;"Geguþë";"VÐÁ CENTRO POLIKLINIKA";5334.0;153.0;34.9;5.7
2011.0;"Geguþë";"VÐÁ ÐEÐKINËS POLIKLINIKA";3425.0;113.0;30.3;5.6
2011.0;"Geguþë";"VÐÁ VILNIAUS RAJ. CENTRINË POLIKLINIKA";3398.0;58.0;58.6;5.6
2011.0;"Geguþë";"VÐÁ ANTAKALNIO POLIKLINIKA";2944.0;106.0;27.8;5.5
2011.0;"Geguþë";"LIETUVOS SVEIKATOS MOKSLØ UNIVERSITETO LIGONINË KAUNO KLINIKOS";2567.0;383.0;6.7;10.7
2011.0;"Geguþë";"VÐÁ KAUNO KLINIKINË LIGONINË";2556.0;172.0;14.9;8.1
2011.0;"Geguþë";"VÐÁ KLAIPËDOS M. POLIKLINIKA";2264.0;65.0;34.8;6.1
2011.0;"Geguþë";"VÐÁ KAUNO M. POLIKLINIKA";2146.0;82.0;26.2;5.9
2011.0;"Geguþë";"VÐÁ ALYTAUS POLIKLINIKA";2087.0;63.0;33.1;6.3
2011.0;"Geguþë";"VÐÁ KAUNO ÐILAINIØ POLIKLINIKA";2069.0;80.0;25.9;5.6
2011.0;"Birþelis";"VÐÁ CENTRO POLIKLINIKA";4333.0;154.0;28.1;5.8
2011.0;"Birþelis";"VÐÁ VILNIAUS RAJ. CENTRINË POLIKLINIKA";3029.0;61.0;49.7;5.7
2011.0;"Birþelis";"VÐÁ ÐEÐKINËS POLIKLINIKA";2707.0;112.0;24.2;5.8
2011.0;"Birþelis";"VÐÁ ANTAKALNIO POLIKLINIKA";2462.0;101.0;24.4;5.6
2011.0;"Birþelis";"LIETUVOS SVEIKATOS MOKSLØ UNIVERSITETO LIGONINË KAUNO KLINIKOS";2395.0;373.0;6.4;10.7
2011.0;"Birþelis";"VÐÁ KAUNO KLINIKINË LIGONINË";2193.0;171.0;12.8;8.2
2011.0;"Birþelis";"VÐÁ KLAIPËDOS M. POLIKLINIKA";2050.0;66.0;31.1;6.1
2011.0;"Birþelis";"VÐÁ KAUNO ÐILAINIØ POLIKLINIKA";1906.0;74.0;25.8;5.8
2011.0;"Birþelis";"VÐÁ ÐIAULIØ CENTRO POLIKLINIKA";1876.0;56.0;33.5;6.3
2011.0;"Birþelis";"VÐÁ ALYTAUS POLIKLINIKA";1855.0;60.0;30.9;6.3
2011.0;"Liepa";"VÐÁ CENTRO POLIKLINIKA";3648.0;135.0;27.0;6.0
2011.0;"Liepa";"VÐÁ VILNIAUS RAJ. CENTRINË POLIKLINIKA";2588.0;55.0;47.1;6.0
2011.0;"Liepa";"LIETUVOS SVEIKATOS MOKSLØ UNIVERSITETO LIGONINË KAUNO KLINIKOS";2158.0;339.0;6.4;11.4
2011.0;"Liepa";"VÐÁ ÐEÐKINËS POLIKLINIKA";2153.0;100.0;21.5;6.3
2011.0;"Liepa";"VÐÁ ANTAKALNIO POLIKLINIKA";1999.0;95.0;21.0;6.0
2011.0;"Liepa";"VÐÁ KLAIPËDOS M. POLIKLINIKA";1813.0;56.0;32.4;6.6
2011.0;"Liepa";"VÐÁ KAUNO KLINIKINË LIGONINË";1773.0;162.0;10.9;8.1
2011.0;"Liepa";"VÐÁ ÐIAULIØ CENTRO POLIKLINIKA";1704.0;52.0;32.8;6.6
2011.0;"Liepa";"VÐÁ KAUNO ÐILAINIØ POLIKLINIKA";1684.0;66.0;25.5;6.1
2011.0;"Liepa";"VÐÁ ALYTAUS POLIKLINIKA";1680.0;50.0;33.6;6.7
2011.0;"Rugpjûtis";"VÐÁ CENTRO POLIKLINIKA";4150.0;139.0;29.9;5.8
2011.0;"Rugpjûtis";"VÐÁ VILNIAUS RAJ. CENTRINË POLIKLINIKA";3004.0;53.0;56.7;5.8
2011.0;"Rugpjûtis";"VÐÁ ÐEÐKINËS POLIKLINIKA";2517.0;107.0;23.5;5.9
2011.0;"Rugpjûtis";"VÐÁ ANTAKALNIO POLIKLINIKA";2313.0;99.0;23.4;5.8
2011.0;"Rugpjûtis";"LIETUVOS SVEIKATOS MOKSLØ UNIVERSITETO LIGONINË KAUNO KLINIKOS";2308.0;356.0;6.5;10.8
2011.0;"Rugpjûtis";"VÐÁ KLAIPËDOS M. POLIKLINIKA";2093.0;54.0;38.8;6.3
2011.0;"Rugpjûtis";"VÐÁ KAUNO ÐILAINIØ POLIKLINIKA";1938.0;69.0;28.1;6.0
2011.0;"Rugpjûtis";"VÐÁ ÐIAULIØ CENTRO POLIKLINIKA";1859.0;53.0;35.1;6.3
2011.0;"Rugpjûtis";"VÐÁ KAUNO M. POLIKLINIKA";1851.0;74.0;25.0;6.2
2011.0;"Rugpjûtis";"VÐÁ KAUNO KLINIKINË LIGONINË";1839.0;151.0;12.2;8.3
2011.0;"Rugsëjis";"VÐÁ CENTRO POLIKLINIKA";5302.0;149.0;35.6;5.6
2011.0;"Rugsëjis";"VÐÁ VILNIAUS RAJ. CENTRINË POLIKLINIKA";3551.0;61.0;58.2;5.6
2011.0;"Rugsëjis";"VÐÁ ÐEÐKINËS POLIKLINIKA";3374.0;115.0;29.3;5.7
2011.0;"Rugsëjis";"VÐÁ ANTAKALNIO POLIKLINIKA";3170.0;98.0;32.3;5.5
2011.0;"Rugsëjis";"VÐÁ ÐIAULIØ CENTRO POLIKLINIKA";2466.0;53.0;46.5;6.1
2011.0;"Rugsëjis";"LIETUVOS SVEIKATOS MOKSLØ UNIVERSITETO LIGONINË KAUNO KLINIKOS";2449.0;378.0;6.5;10.6
2011.0;"Rugsëjis";"VÐÁ KLAIPËDOS M. POLIKLINIKA";2406.0;64.0;37.6;6.1
2011.0;"Rugsëjis";"VÐÁ KAUNO ÐILAINIØ POLIKLINIKA";2393.0;74.0;32.3;5.8
2011.0;"Rugsëjis";"VÐÁ KAROLINIÐKIØ POLIKLINIKA";2241.0;74.0;30.3;5.7
2011.0;"Rugsëjis";"VÐÁ KAUNO M. POLIKLINIKA";2110.0;77.0;27.4;6.0
2011.0;"Spalis";"VÐÁ CENTRO POLIKLINIKA";5813.0;151.0;38.5;5.4
2011.0;"Spalis";"VÐÁ ÐEÐKINËS POLIKLINIKA";3778.0;115.0;32.9;5.4
2011.0;"Spalis";"VÐÁ VILNIAUS RAJ. CENTRINË POLIKLINIKA";3724.0;61.0;61.0;5.4
2011.0;"Spalis";"VÐÁ ANTAKALNIO POLIKLINIKA";3304.0;106.0;31.2;5.3
2011.0;"Spalis";"VÐÁ ÐIAULIØ CENTRO POLIKLINIKA";2719.0;54.0;50.4;5.8
2011.0;"Spalis";"LIETUVOS SVEIKATOS MOKSLØ UNIVERSITETO LIGONINË KAUNO KLINIKOS";2631.0;374.0;7.0;10.4
2011.0;"Spalis";"VÐÁ KLAIPËDOS M. POLIKLINIKA";2574.0;63.0;40.9;5.7
2011.0;"Spalis";"VÐÁ KAUNO M. POLIKLINIKA";2519.0;81.0;31.1;5.7
2011.0;"Spalis";"VÐÁ KAUNO ÐILAINIØ POLIKLINIKA";2407.0;72.0;33.4;5.6
2011.0;"Spalis";"VÐÁ KAROLINIÐKIØ POLIKLINIKA";2369.0;70.0;33.8;5.4
2011.0;"Lapkritis";"VÐÁ CENTRO POLIKLINIKA";6084.0;152.0;40.0;5.5
2011.0;"Lapkritis";"VÐÁ ÐEÐKINËS POLIKLINIKA";4131.0;112.0;36.9;5.4
2011.0;"Lapkritis";"VÐÁ VILNIAUS RAJ. CENTRINË POLIKLINIKA";3914.0;60.0;65.2;5.6
2011.0;"Lapkritis";"VÐÁ ANTAKALNIO POLIKLINIKA";3480.0;102.0;34.1;5.4
2011.0;"Lapkritis";"VÐÁ KLAIPËDOS M. POLIKLINIKA";2709.0;64.0;42.3;5.9
2011.0;"Lapkritis";"LIETUVOS SVEIKATOS MOKSLØ UNIVERSITETO LIGONINË KAUNO KLINIKOS";2643.0;377.0;7.0;10.5
2011.0;"Lapkritis";"VÐÁ KAUNO ÐILAINIØ POLIKLINIKA";2629.0;69.0;38.1;5.5
2011.0;"Lapkritis";"VÐÁ ÐIAULIØ CENTRO POLIKLINIKA";2576.0;54.0;47.7;6.0
2011.0;"Lapkritis";"VÐÁ KAUNO M. POLIKLINIKA";2524.0;78.0;32.4;5.8
2011.0;"Lapkritis";"VÐÁ KAROLINIÐKIØ POLIKLINIKA";2413.0;71.0;34.0;5.4
2011.0;"Gruodis";"VÐÁ CENTRO POLIKLINIKA";6218.0;158.0;39.4;5.5
2011.0;"Gruodis";"VÐÁ ÐEÐKINËS POLIKLINIKA";4173.0;112.0;37.3;5.5
2011.0;"Gruodis";"VÐÁ VILNIAUS RAJ. CENTRINË POLIKLINIKA";4148.0;59.0;70.3;5.6
2011.0;"Gruodis";"VÐÁ ANTAKALNIO POLIKLINIKA";3797.0;101.0;37.6;5.4
2011.0;"Gruodis";"VÐÁ KAUNO M. POLIKLINIKA";2801.0;79.0;35.5;5.9
2011.0;"Gruodis";"VÐÁ KLAIPËDOS M. POLIKLINIKA";2795.0;67.0;41.7;6.0
2011.0;"Gruodis";"LIETUVOS SVEIKATOS MOKSLØ UNIVERSITETO LIGONINË KAUNO KLINIKOS";2639.0;379.0;7.0;10.3
2011.0;"Gruodis";"VÐÁ ÐIAULIØ CENTRO POLIKLINIKA";2607.0;52.0;50.1;6.1
2011.0;"Gruodis";"VÐÁ KAUNO ÐILAINIØ POLIKLINIKA";2507.0;68.0;36.9;5.7
2011.0;"Gruodis";"VÐÁ KAROLINIÐKIØ POLIKLINIKA";2486.0;66.0;37.7;5.5
2011.0;"Uþ visus metus";"VÐÁ CENTRO POLIKLINIKA";70432.0;198.0;355.7;5.5
2011.0;"Uþ visus metus";"VÐÁ ÐEÐKINËS POLIKLINIKA";46516.0;133.0;349.7;5.6
2011.0;"Uþ visus metus";"VÐÁ VILNIAUS RAJ. CENTRINË POLIKLINIKA";45062.0;82.0;549.5;5.6
2011.0;"Uþ visus metus";"VÐÁ ANTAKALNIO POLIKLINIKA";41536.0;118.0;352.0;5.5
2011.0;"Uþ visus metus";"VÐÁ KLAIPËDOS M. POLIKLINIKA";31155.0;74.0;421.0;6.0
2011.0;"Uþ visus metus";"LIETUVOS SVEIKATOS MOKSLØ UNIVERSITETO LIGONINË KAUNO KLINIKOS";30854.0;496.0;62.2;10.5
2011.0;"Uþ visus metus";"VÐÁ ÐIAULIØ CENTRO POLIKLINIKA";29303.0;60.0;488.4;6.1
2011.0;"Uþ visus metus";"VÐÁ KAUNO ÐILAINIØ POLIKLINIKA";29297.0;90.0;325.5;5.6
2011.0;"Uþ visus metus";"VÐÁ KAUNO M. POLIKLINIKA";28588.0;99.0;288.8;5.8
2011.0;"Uþ visus metus";"VÐÁ KAROLINIÐKIØ POLIKLINIKA";28175.0;95.0;296.6;5.6
2012.0;"Sausis";"VÐÁ CENTRO POLIKLINIKA";7422.0;164.0;45.3;5.4
2012.0;"Sausis";"VÐÁ ÐEÐKINËS POLIKLINIKA";4802.0;114.0;42.1;5.5
2012.0;"Sausis";"VÐÁ VILNIAUS RAJ. CENTRINË POLIKLINIKA";4738.0;59.0;80.3;5.5
2012.0;"Sausis";"VÐÁ ANTAKALNIO POLIKLINIKA";4143.0;102.0;40.6;5.4
2012.0;"Sausis";"VÐÁ KLAIPËDOS M. POLIKLINIKA";3117.0;66.0;47.2;5.9
2012.0;"Sausis";"VÐÁ KAROLINIÐKIØ POLIKLINIKA";2904.0;71.0;40.9;5.6
2012.0;"Sausis";"VÐÁ KAUNO ÐILAINIØ POLIKLINIKA";2883.0;69.0;41.8;5.7
2012.0;"Sausis";"VÐÁ ÐIAULIØ CENTRO POLIKLINIKA";2877.0;53.0;54.3;6.0
2012.0;"Sausis";"VÐÁ KAUNO M. POLIKLINIKA";2858.0;81.0;35.3;5.8
2012.0;"Sausis";"LIETUVOS SVEIKATOS MOKSLØ UNIVERSITETO LIGONINË KAUNO KLINIKOS";2681.0;382.0;7.0;10.3
2012.0;"Vasaris";"VÐÁ CENTRO POLIKLINIKA";7225.0;159.0;45.4;5.5
2012.0;"Vasaris";"VÐÁ VILNIAUS RAJ. CENTRINË POLIKLINIKA";4801.0;59.0;81.4;5.6
2012.0;"Vasaris";"VÐÁ ÐEÐKINËS POLIKLINIKA";4691.0;111.0;42.3;5.6
2012.0;"Vasaris";"VÐÁ ANTAKALNIO POLIKLINIKA";4153.0;106.0;39.2;5.5
2012.0;"Vasaris";"VÐÁ KLAIPËDOS M. POLIKLINIKA";3238.0;66.0;49.1;6.0
2012.0;"Vasaris";"VÐÁ ÐIAULIØ CENTRO POLIKLINIKA";3117.0;53.0;58.8;6.1
2012.0;"Vasaris";"VÐÁ KAUNO M. POLIKLINIKA";2971.0;80.0;37.1;5.8
2012.0;"Vasaris";"VÐÁ KAUNO ÐILAINIØ POLIKLINIKA";2935.0;69.0;42.5;5.7
2012.0;"Vasaris";"LIETUVOS SVEIKATOS MOKSLØ UNIVERSITETO LIGONINË KAUNO KLINIKOS";2847.0;388.0;7.3;10.0
2012.0;"Vasaris";"VÐÁ KAROLINIÐKIØ POLIKLINIKA";2787.0;69.0;40.4;5.7
2012.0;"Kovas";"VÐÁ CENTRO POLIKLINIKA";7370.0;156.0;47.2;5.5
2012.0;"Kovas";"VÐÁ ÐEÐKINËS POLIKLINIKA";5189.0;114.0;45.5;5.5
2012.0;"Kovas";"VÐÁ VILNIAUS RAJ. CENTRINË POLIKLINIKA";4727.0;62.0;76.2;5.5
2012.0;"Kovas";"VÐÁ ANTAKALNIO POLIKLINIKA";4273.0;102.0;41.9;5.5
2012.0;"Kovas";"VÐÁ KLAIPËDOS M. POLIKLINIKA";3332.0;67.0;49.7;5.9
2012.0;"Kovas";"VÐÁ ÐIAULIØ CENTRO POLIKLINIKA";3245.0;53.0;61.2;6.1
2012.0;"Kovas";"LIETUVOS SVEIKATOS MOKSLØ UNIVERSITETO LIGONINË KAUNO KLINIKOS";3112.0;396.0;7.9;10.1
2012.0;"Kovas";"VÐÁ KAUNO M. POLIKLINIKA";3002.0;82.0;36.6;5.8
2012.0;"Kovas";"VÐÁ KAROLINIÐKIØ POLIKLINIKA";2893.0;68.0;42.5;5.4
2012.0;"Kovas";"VÐÁ KAUNO ÐILAINIØ POLIKLINIKA";2873.0;73.0;39.4;5.7
2012.0;"Balandis";"VÐÁ CENTRO POLIKLINIKA";6189.0;154.0;40.2;5.5
2012.0;"Balandis";"VÐÁ VILNIAUS RAJ. CENTRINË POLIKLINIKA";4036.0;65.0;62.1;5.5
2012.0;"Balandis";"VÐÁ ÐEÐKINËS POLIKLINIKA";3950.0;112.0;35.3;5.6
2012.0;"Balandis";"VÐÁ ANTAKALNIO POLIKLINIKA";3767.0;100.0;37.7;5.4
2012.0;"Balandis";"VÐÁ KLAIPËDOS M. POLIKLINIKA";2710.0;65.0;41.7;6.0
2012.0;"Balandis";"VÐÁ ÐIAULIØ CENTRO POLIKLINIKA";2606.0;55.0;47.4;6.1
2012.0;"Balandis";"LIETUVOS SVEIKATOS MOKSLØ UNIVERSITETO LIGONINË KAUNO KLINIKOS";2562.0;378.0;6.8;10.0
2012.0;"Balandis";"VÐÁ KAUNO ÐILAINIØ POLIKLINIKA";2515.0;71.0;35.4;5.6
2012.0;"Balandis";"VÐÁ KAUNO M. POLIKLINIKA";2472.0;80.0;30.9;5.7
2012.0;"Balandis";"VÐÁ KAROLINIÐKIØ POLIKLINIKA";2334.0;65.0;35.9;5.4
2012.0;"Geguþë";"VÐÁ CENTRO POLIKLINIKA";6259.0;162.0;38.6;5.6
2012.0;"Geguþë";"VÐÁ VILNIAUS RAJ. CENTRINË POLIKLINIKA";4394.0;63.0;69.7;5.6
2012.0;"Geguþë";"VÐÁ ÐEÐKINËS POLIKLINIKA";3915.0;111.0;35.3;5.6
2012.0;"Geguþë";"VÐÁ ANTAKALNIO POLIKLINIKA";3752.0;101.0;37.1;5.6
2012.0;"Geguþë";"VÐÁ KLAIPËDOS M. POLIKLINIKA";2866.0;67.0;42.8;6.1
2012.0;"Geguþë";"LIETUVOS SVEIKATOS MOKSLØ UNIVERSITETO LIGONINË KAUNO KLINIKOS";2863.0;394.0;7.3;10.7
2012.0;"Geguþë";"VÐÁ ÐIAULIØ CENTRO POLIKLINIKA";2679.0;54.0;49.6;6.3
2012.0;"Geguþë";"VÐÁ KAUNO ÐILAINIØ POLIKLINIKA";2671.0;77.0;34.7;5.8
2012.0;"Geguþë";"VÐÁ KAUNO M. POLIKLINIKA";2528.0;76.0;33.3;5.8
2012.0;"Geguþë";"VÐÁ KAUNO KLINIKINË LIGONINË";2260.0;161.0;14.0;7.8
2012.0;"Birþelis";"VÐÁ CENTRO POLIKLINIKA";4972.0;155.0;32.1;5.7
2012.0;"Birþelis";"VÐÁ VILNIAUS RAJ. CENTRINË POLIKLINIKA";3388.0;62.0;54.6;5.7
2012.0;"Birþelis";"VÐÁ ÐEÐKINËS POLIKLINIKA";3146.0;106.0;29.7;5.7
2012.0;"Birþelis";"VÐÁ ANTAKALNIO POLIKLINIKA";3086.0;101.0;30.6;5.7
2012.0;"Birþelis";"VÐÁ KLAIPËDOS M. POLIKLINIKA";2523.0;65.0;38.8;6.2
2012.0;"Birþelis";"LIETUVOS SVEIKATOS MOKSLØ UNIVERSITETO LIGONINË KAUNO KLINIKOS";2486.0;360.0;6.9;10.7
2012.0;"Birþelis";"VÐÁ KAUNO ÐILAINIØ POLIKLINIKA";2261.0;73.0;31.0;5.9
2012.0;"Birþelis";"VÐÁ ÐIAULIØ CENTRO POLIKLINIKA";2157.0;55.0;39.2;6.4
2012.0;"Birþelis";"VÐÁ KAUNO M. POLIKLINIKA";2049.0;74.0;27.7;6.0
2012.0;"Birþelis";"VÐÁ KAUNO KLINIKINË LIGONINË";2007.0;157.0;12.8;8.1
2012.0;"Liepa";"VÐÁ CENTRO POLIKLINIKA";4325.0;145.0;29.8;5.8
2012.0;"Liepa";"VÐÁ VILNIAUS RAJ. CENTRINË POLIKLINIKA";3230.0;61.0;53.0;5.7
2012.0;"Liepa";"VÐÁ ANTAKALNIO POLIKLINIKA";2792.0;98.0;28.5;5.8
2012.0;"Liepa";"VÐÁ ÐEÐKINËS POLIKLINIKA";2643.0;109.0;24.2;5.9
2012.0;"Liepa";"VÐÁ KLAIPËDOS M. POLIKLINIKA";2425.0;61.0;39.8;6.3
2012.0;"Liepa";"LIETUVOS SVEIKATOS MOKSLØ UNIVERSITETO LIGONINË KAUNO KLINIKOS";2265.0;304.0;7.5;11.1
2012.0;"Liepa";"VÐÁ KAUNO ÐILAINIØ POLIKLINIKA";2180.0;67.0;32.5;6.1
2012.0;"Liepa";"VÐÁ ÐIAULIØ CENTRO POLIKLINIKA";1946.0;50.0;38.9;6.4
2012.0;"Liepa";"VÐÁ KAUNO M. POLIKLINIKA";1870.0;71.0;26.3;6.1
2012.0;"Liepa";"VÐÁ JÛRININKØ SVEIKATOS PRIEÞIÛROS CENTRAS";1795.0;33.0;54.4;6.6
2012.0;"Rugpjûtis";"VÐÁ CENTRO POLIKLINIKA";4867.0;150.0;32.4;5.8
2012.0;"Rugpjûtis";"VÐÁ VILNIAUS RAJ. CENTRINË POLIKLINIKA";3506.0;60.0;58.4;5.9
2012.0;"Rugpjûtis";"VÐÁ ANTAKALNIO POLIKLINIKA";2942.0;102.0;28.8;5.9
2012.0;"Rugpjûtis";"VÐÁ ÐEÐKINËS POLIKLINIKA";2857.0;106.0;27.0;5.9
2012.0;"Rugpjûtis";"VÐÁ KLAIPËDOS M. POLIKLINIKA";2455.0;63.0;39.0;6.4
2012.0;"Rugpjûtis";"LIETUVOS SVEIKATOS MOKSLØ UNIVERSITETO LIGONINË KAUNO KLINIKOS";2407.0;333.0;7.2;10.9
2012.0;"Rugpjûtis";"VÐÁ KAUNO ÐILAINIØ POLIKLINIKA";2272.0;68.0;33.4;6.0
2012.0;"Rugpjûtis";"VÐÁ KAUNO M. POLIKLINIKA";2170.0;77.0;28.2;6.0
2012.0;"Rugpjûtis";"VÐÁ ÐIAULIØ CENTRO POLIKLINIKA";2147.0;54.0;39.8;6.4
2012.0;"Rugpjûtis";"VÐÁ KAUNO KLINIKINË LIGONINË";1955.0;163.0;12.0;8.1
2012.0;"Rugsëjis";"VÐÁ CENTRO POLIKLINIKA";5633.0;152.0;37.1;5.5
2012.0;"Rugsëjis";"VÐÁ VILNIAUS RAJ. CENTRINË POLIKLINIKA";4032.0;66.0;61.1;5.6
2012.0;"Rugsëjis";"VÐÁ ÐEÐKINËS POLIKLINIKA";3698.0;110.0;33.6;5.4
2012.0;"Rugsëjis";"VÐÁ ANTAKALNIO POLIKLINIKA";3587.0;106.0;33.8;5.4
2012.0;"Rugsëjis";"VÐÁ KLAIPËDOS M. POLIKLINIKA";2539.0;66.0;38.5;6.2
2012.0;"Rugsëjis";"LIETUVOS SVEIKATOS MOKSLØ UNIVERSITETO LIGONINË KAUNO KLINIKOS";2389.0;361.0;6.6;10.3
2012.0;"Rugsëjis";"VÐÁ ÐIAULIØ CENTRO POLIKLINIKA";2344.0;55.0;42.6;6.1
2012.0;"Rugsëjis";"VÐÁ KAUNO ÐILAINIØ POLIKLINIKA";2341.0;67.0;34.9;5.8
2012.0;"Rugsëjis";"VÐÁ KAUNO M. POLIKLINIKA";2204.0;80.0;27.6;5.9
2012.0;"Rugsëjis";"VÐÁ KAROLINIÐKIØ POLIKLINIKA";2144.0;64.0;33.5;5.5
2012.0;"Spalis";"VÐÁ CENTRO POLIKLINIKA";7719.0;156.0;49.5;5.4
2012.0;"Spalis";"VÐÁ VILNIAUS RAJ. CENTRINË POLIKLINIKA";5268.0;63.0;83.6;5.5
2012.0;"Spalis";"VÐÁ ÐEÐKINËS POLIKLINIKA";5052.0;115.0;43.9;5.3
2012.0;"Spalis";"VÐÁ ANTAKALNIO POLIKLINIKA";4764.0;104.0;45.8;5.3
2012.0;"Spalis";"VÐÁ KLAIPËDOS M. POLIKLINIKA";3561.0;68.0;52.4;6.0
2012.0;"Spalis";"VÐÁ ÐIAULIØ CENTRO POLIKLINIKA";3278.0;55.0;59.6;6.0
2012.0;"Spalis";"VÐÁ KAUNO ÐILAINIØ POLIKLINIKA";3127.0;69.0;45.3;5.8
2012.0;"Spalis";"LIETUVOS SVEIKATOS MOKSLØ UNIVERSITETO LIGONINË KAUNO KLINIKOS";3066.0;384.0;8.0;10.1
2012.0;"Spalis";"VÐÁ KAUNO M. POLIKLINIKA";3063.0;78.0;39.3;5.7
2012.0;"Spalis";"VÐÁ KAROLINIÐKIØ POLIKLINIKA";3012.0;70.0;43.0;5.2
2012.0;"Lapkritis";"VÐÁ CENTRO POLIKLINIKA";6550.0;156.0;42.0;5.5
2012.0;"Lapkritis";"VÐÁ VILNIAUS RAJ. CENTRINË POLIKLINIKA";4724.0;65.0;72.7;5.5
2012.0;"Lapkritis";"VÐÁ ÐEÐKINËS POLIKLINIKA";4481.0;115.0;39.0;5.4
2012.0;"Lapkritis";"VÐÁ ANTAKALNIO POLIKLINIKA";4365.0;103.0;42.4;5.4
2012.0;"Lapkritis";"VÐÁ KLAIPËDOS M. POLIKLINIKA";3305.0;67.0;49.3;6.1
2012.0;"Lapkritis";"VÐÁ ÐIAULIØ CENTRO POLIKLINIKA";2910.0;54.0;53.9;6.0
2012.0;"Lapkritis";"LIETUVOS SVEIKATOS MOKSLØ UNIVERSITETO LIGONINË KAUNO KLINIKOS";2804.0;387.0;7.2;10.6
2012.0;"Lapkritis";"VÐÁ KAUNO ÐILAINIØ POLIKLINIKA";2741.0;68.0;40.3;5.7
2012.0;"Lapkritis";"VÐÁ KAROLINIÐKIØ POLIKLINIKA";2688.0;69.0;39.0;5.4
2012.0;"Lapkritis";"VÐÁ KAUNO M. POLIKLINIKA";2674.0;77.0;34.7;5.8
2012.0;"Gruodis";"VÐÁ CENTRO POLIKLINIKA";6491.0;154.0;42.1;5.4
2012.0;"Gruodis";"VÐÁ VILNIAUS RAJ. CENTRINË POLIKLINIKA";4890.0;67.0;73.0;5.5
2012.0;"Gruodis";"VÐÁ ÐEÐKINËS POLIKLINIKA";4497.0;111.0;40.5;5.4
2012.0;"Gruodis";"VÐÁ ANTAKALNIO POLIKLINIKA";4144.0;103.0;40.2;5.4
2012.0;"Gruodis";"VÐÁ KLAIPËDOS M. POLIKLINIKA";3385.0;70.0;48.4;5.9
2012.0;"Gruodis";"VÐÁ ÐIAULIØ CENTRO POLIKLINIKA";2760.0;54.0;51.1;5.8
2012.0;"Gruodis";"VÐÁ KAUNO ÐILAINIØ POLIKLINIKA";2693.0;67.0;40.2;5.6
2012.0;"Gruodis";"VÐÁ KAUNO M. POLIKLINIKA";2648.0;83.0;31.9;5.7
2012.0;"Gruodis";"LIETUVOS SVEIKATOS MOKSLØ UNIVERSITETO LIGONINË KAUNO KLINIKOS";2586.0;373.0;6.9;10.4
2012.0;"Gruodis";"VÐÁ KAROLINIÐKIØ POLIKLINIKA";2508.0;69.0;36.3;5.3
2012.0;"Uþ visus metus";"VÐÁ CENTRO POLIKLINIKA";75022.0;211.0;355.6;5.5
2012.0;"Uþ visus metus";"VÐÁ VILNIAUS RAJ. CENTRINË POLIKLINIKA";51734.0;82.0;630.9;5.6
2012.0;"Uþ visus metus";"VÐÁ ÐEÐKINËS POLIKLINIKA";48921.0;132.0;370.6;5.5
2012.0;"Uþ visus metus";"VÐÁ ANTAKALNIO POLIKLINIKA";45768.0;127.0;360.4;5.5
2012.0;"Uþ visus metus";"VÐÁ KLAIPËDOS M. POLIKLINIKA";35456.0;72.0;492.4;6.1
2012.0;"Uþ visus metus";"LIETUVOS SVEIKATOS MOKSLØ UNIVERSITETO LIGONINË KAUNO KLINIKOS";32068.0;500.0;64.1;10.4
2012.0;"Uþ visus metus";"VÐÁ ÐIAULIØ CENTRO POLIKLINIKA";32066.0;59.0;543.5;6.1
2012.0;"Uþ visus metus";"VÐÁ KAUNO ÐILAINIØ POLIKLINIKA";31492.0;84.0;374.9;5.8
2012.0;"Uþ visus metus";"VÐÁ KAUNO M. POLIKLINIKA";30509.0;97.0;314.5;5.8
2012.0;"Uþ visus metus";"VÐÁ KAROLINIÐKIØ POLIKLINIKA";28792.0;86.0;334.8;5.5
2013.0;"Sausis";"VÐÁ CENTRO POLIKLINIKA";11111.0;156.0;71.2;5.2
2013.0;"Sausis";"VÐÁ ÐEÐKINËS POLIKLINIKA";7888.0;115.0;68.6;5.4
2013.0;"Sausis";"VÐÁ VILNIAUS RAJ. CENTRINË POLIKLINIKA";7348.0;69.0;106.5;5.4
2013.0;"Sausis";"VÐÁ ANTAKALNIO POLIKLINIKA";6848.0;109.0;62.8;5.2
2013.0;"Sausis";"VÐÁ KAUNO ÐILAINIØ POLIKLINIKA";4757.0;69.0;68.9;5.4
2013.0;"Sausis";"VÐÁ KLAIPËDOS M. POLIKLINIKA";4626.0;68.0;68.0;5.8
2013.0;"Sausis";"VÐÁ KAROLINIÐKIØ POLIKLINIKA";4447.0;68.0;65.4;5.3
2013.0;"Sausis";"VÐÁ KAUNO M. POLIKLINIKA";4408.0;77.0;57.2;5.4
2013.0;"Sausis";"VÐÁ ÐIAULIØ CENTRO POLIKLINIKA";4261.0;53.0;80.4;5.7
2013.0;"Sausis";"VÐÁ ALYTAUS POLIKLINIKA";3964.0;61.0;65.0;5.5
2013.0;"Vasaris";"VÐÁ CENTRO POLIKLINIKA";9467.0;154.0;61.5;5.4
2013.0;"Vasaris";"VÐÁ VILNIAUS RAJ. CENTRINË POLIKLINIKA";6472.0;62.0;104.4;5.5
2013.0;"Vasaris";"VÐÁ ÐEÐKINËS POLIKLINIKA";6370.0;110.0;57.9;5.4
2013.0;"Vasaris";"VÐÁ ANTAKALNIO POLIKLINIKA";5932.0;108.0;54.9;5.3
2013.0;"Vasaris";"VÐÁ KLAIPËDOS M. POLIKLINIKA";4650.0;68.0;68.4;5.7
2013.0;"Vasaris";"VÐÁ ÐIAULIØ CENTRO POLIKLINIKA";4498.0;53.0;84.9;5.8
2013.0;"Vasaris";"VÐÁ KAUNO M. POLIKLINIKA";4084.0;78.0;52.4;5.5
2013.0;"Vasaris";"VÐÁ KAUNO ÐILAINIØ POLIKLINIKA";3998.0;69.0;57.9;5.5
2013.0;"Vasaris";"VÐÁ KAROLINIÐKIØ POLIKLINIKA";3577.0;70.0;51.1;5.4
2013.0;"Vasaris";"VÐÁ ALYTAUS POLIKLINIKA";3223.0;61.0;52.8;5.6
2013.0;"Kovas";"VÐÁ CENTRO POLIKLINIKA";8336.0;158.0;52.8;5.4
2013.0;"Kovas";"VÐÁ VILNIAUS RAJ. CENTRINË POLIKLINIKA";5765.0;68.0;84.8;5.5
2013.0;"Kovas";"VÐÁ ÐEÐKINËS POLIKLINIKA";5498.0;111.0;49.5;5.4
2013.0;"Kovas";"VÐÁ ANTAKALNIO POLIKLINIKA";5216.0;110.0;47.4;5.3
2013.0;"Kovas";"VÐÁ KAUNO ÐILAINIØ POLIKLINIKA";3833.0;73.0;52.5;5.5
2013.0;"Kovas";"VÐÁ KLAIPËDOS M. POLIKLINIKA";3808.0;68.0;56.0;5.7
2013.0;"Kovas";"VÐÁ ÐIAULIØ CENTRO POLIKLINIKA";3637.0;55.0;66.1;5.7
2013.0;"Kovas";"VÐÁ KAUNO M. POLIKLINIKA";3609.0;85.0;42.5;5.6
2013.0;"Kovas";"VÐÁ KAROLINIÐKIØ POLIKLINIKA";3372.0;75.0;45.0;5.4
2013.0;"Kovas";"LIETUVOS SVEIKATOS MOKSLØ UNIVERSITETO LIGONINË KAUNO KLINIKOS";3205.0;397.0;8.1;10.0
2013.0;"Balandis";"VÐÁ CENTRO POLIKLINIKA";8168.0;159.0;51.4;5.4
2013.0;"Balandis";"VÐÁ VILNIAUS RAJ. CENTRINË POLIKLINIKA";5413.0;65.0;83.3;5.5
2013.0;"Balandis";"VÐÁ ÐEÐKINËS POLIKLINIKA";5308.0;108.0;49.1;5.4
2013.0;"Balandis";"VÐÁ ANTAKALNIO POLIKLINIKA";5065.0;106.0;47.8;5.3
2013.0;"Balandis";"VÐÁ KLAIPËDOS M. POLIKLINIKA";3636.0;68.0;53.5;5.7
2013.0;"Balandis";"VÐÁ KAUNO ÐILAINIØ POLIKLINIKA";3362.0;70.0;48.0;5.5
2013.0;"Balandis";"VÐÁ KAUNO M. POLIKLINIKA";3261.0;82.0;39.8;5.5
2013.0;"Balandis";"VÐÁ ÐIAULIØ CENTRO POLIKLINIKA";3186.0;56.0;56.9;5.8
2013.0;"Balandis";"VÐÁ KAROLINIÐKIØ POLIKLINIKA";3148.0;71.0;44.3;5.5
2013.0;"Balandis";"LIETUVOS SVEIKATOS MOKSLØ UNIVERSITETO LIGONINË KAUNO KLINIKOS";2950.0;383.0;7.7;10.2
2013.0;"Geguþë";"VÐÁ CENTRO POLIKLINIKA";6135.0;157.0;39.1;5.7
2013.0;"Geguþë";"VÐÁ VILNIAUS RAJ. CENTRINË POLIKLINIKA";4372.0;69.0;63.4;5.7
2013.0;"Geguþë";"VÐÁ ÐEÐKINËS POLIKLINIKA";3974.0;106.0;37.5;5.7
2013.0;"Geguþë";"VÐÁ ANTAKALNIO POLIKLINIKA";3592.0;103.0;34.9;5.6
2013.0;"Geguþë";"LIETUVOS SVEIKATOS MOKSLØ UNIVERSITETO LIGONINË KAUNO KLINIKOS";2775.0;382.0;7.3;10.5
2013.0;"Geguþë";"VÐÁ KLAIPËDOS M. POLIKLINIKA";2665.0;69.0;38.6;6.0
2013.0;"Geguþë";"VÐÁ KAUNO ÐILAINIØ POLIKLINIKA";2624.0;74.0;35.5;5.9
2013.0;"Geguþë";"VÐÁ KAUNO KLINIKINË LIGONINË";2503.0;177.0;14.1;7.8
2013.0;"Geguþë";"VÐÁ KAROLINIÐKIØ POLIKLINIKA";2453.0;73.0;33.6;5.6
2013.0;"Geguþë";"VÐÁ ÐIAULIØ CENTRO POLIKLINIKA";2415.0;51.0;47.4;6.2
2013.0;"Birþelis";"VÐÁ CENTRO POLIKLINIKA";4771.0;153.0;31.2;5.7
2013.0;"Birþelis";"VÐÁ VILNIAUS RAJ. CENTRINË POLIKLINIKA";3594.0;64.0;56.2;5.7
2013.0;"Birþelis";"VÐÁ ÐEÐKINËS POLIKLINIKA";3005.0;101.0;29.8;5.6
2013.0;"Birþelis";"VÐÁ ANTAKALNIO POLIKLINIKA";2805.0;103.0;27.2;5.7
2013.0;"Birþelis";"LIETUVOS SVEIKATOS MOKSLØ UNIVERSITETO LIGONINË KAUNO KLINIKOS";2430.0;378.0;6.4;10.8
2013.0;"Birþelis";"VÐÁ KLAIPËDOS M. POLIKLINIKA";2237.0;65.0;34.4;6.0
2013.0;"Birþelis";"VÐÁ KAUNO ÐILAINIØ POLIKLINIKA";2163.0;69.0;31.3;6.0
2013.0;"Birþelis";"VÐÁ ÐIAULIØ CENTRO POLIKLINIKA";2025.0;52.0;38.9;6.1
2013.0;"Birþelis";"VÐÁ KAUNO M. POLIKLINIKA";1991.0;78.0;25.5;6.0
2013.0;"Birþelis";"VÐÁ KAUNO KLINIKINË LIGONINË";1958.0;167.0;11.7;7.8
2013.0;"Liepa";"VÐÁ CENTRO POLIKLINIKA";4679.0;144.0;32.5;5.9
2013.0;"Liepa";"VÐÁ VILNIAUS RAJ. CENTRINË POLIKLINIKA";3713.0;67.0;55.4;5.8
2013.0;"Liepa";"VÐÁ ÐEÐKINËS POLIKLINIKA";3043.0;101.0;30.1;5.8
2013.0;"Liepa";"VÐÁ ANTAKALNIO POLIKLINIKA";3014.0;96.0;31.4;5.8
2013.0;"Liepa";"LIETUVOS SVEIKATOS MOKSLØ UNIVERSITETO LIGONINË KAUNO KLINIKOS";2481.0;357.0;6.9;10.7
2013.0;"Liepa";"VÐÁ KLAIPËDOS M. POLIKLINIKA";2454.0;58.0;42.3;6.2
2013.0;"Liepa";"VÐÁ KAUNO ÐILAINIØ POLIKLINIKA";2446.0;68.0;36.0;6.2
2013.0;"Liepa";"VÐÁ KAUNO M. POLIKLINIKA";2141.0;72.0;29.7;6.0
2013.0;"Liepa";"VÐÁ ÐIAULIØ CENTRO POLIKLINIKA";2131.0;49.0;43.5;6.3
2013.0;"Liepa";"VÐÁ KAROLINIÐKIØ POLIKLINIKA";1961.0;74.0;26.5;5.7
2013.0;"Rugpjûtis";"VÐÁ CENTRO POLIKLINIKA";4793.0;151.0;31.7;5.9
2013.0;"Rugpjûtis";"VÐÁ VILNIAUS RAJ. CENTRINË POLIKLINIKA";3666.0;66.0;55.5;5.9
2013.0;"Rugpjûtis";"VÐÁ ANTAKALNIO POLIKLINIKA";3170.0;101.0;31.4;5.8
2013.0;"Rugpjûtis";"VÐÁ ÐEÐKINËS POLIKLINIKA";2835.0;102.0;27.8;6.0
2013.0;"Rugpjûtis";"VÐÁ KAUNO ÐILAINIØ POLIKLINIKA";2385.0;74.0;32.2;6.2
2013.0;"Rugpjûtis";"LIETUVOS SVEIKATOS MOKSLØ UNIVERSITETO LIGONINË KAUNO KLINIKOS";2323.0;342.0;6.8;10.7
2013.0;"Rugpjûtis";"VÐÁ KLAIPËDOS M. POLIKLINIKA";2269.0;63.0;36.0;6.3
2013.0;"Rugpjûtis";"VÐÁ ÐIAULIØ CENTRO POLIKLINIKA";2179.0;54.0;40.4;6.3
2013.0;"Rugpjûtis";"VÐÁ KAUNO M. POLIKLINIKA";2047.0;77.0;26.6;6.1
2013.0;"Rugpjûtis";"VÐÁ KAROLINIÐKIØ POLIKLINIKA";2012.0;66.0;30.5;5.8
2013.0;"Rugsëjis";"VÐÁ CENTRO POLIKLINIKA";6726.0;157.0;42.8;5.4
2013.0;"Rugsëjis";"VÐÁ VILNIAUS RAJ. CENTRINË POLIKLINIKA";4715.0;69.0;68.3;5.5
2013.0;"Rugsëjis";"VÐÁ ÐEÐKINËS POLIKLINIKA";4296.0;105.0;40.9;5.5
2013.0;"Rugsëjis";"VÐÁ ANTAKALNIO POLIKLINIKA";4188.0;107.0;39.1;5.4
2013.0;"Rugsëjis";"VÐÁ KLAIPËDOS M. POLIKLINIKA";2733.0;69.0;39.6;5.9
2013.0;"Rugsëjis";"VÐÁ KAROLINIÐKIØ POLIKLINIKA";2678.0;76.0;35.2;5.3
2013.0;"Rugsëjis";"VÐÁ ÐIAULIØ CENTRO POLIKLINIKA";2677.0;55.0;48.7;6.0
2013.0;"Rugsëjis";"LIETUVOS SVEIKATOS MOKSLØ UNIVERSITETO LIGONINË KAUNO KLINIKOS";2668.0;365.0;7.3;10.3
2013.0;"Rugsëjis";"VÐÁ KAUNO M. POLIKLINIKA";2598.0;73.0;35.6;5.7
2013.0;"Rugsëjis";"VÐÁ KAUNO ÐILAINIØ POLIKLINIKA";2569.0;71.0;36.2;6.0
2013.0;"Spalis";"VÐÁ CENTRO POLIKLINIKA";8281.0;164.0;50.5;5.4
2013.0;"Spalis";"VÐÁ VILNIAUS RAJ. CENTRINË POLIKLINIKA";5827.0;70.0;83.2;5.5
2013.0;"Spalis";"VÐÁ ANTAKALNIO POLIKLINIKA";5264.0;108.0;48.7;5.2
2013.0;"Spalis";"VÐÁ ÐEÐKINËS POLIKLINIKA";5184.0;106.0;48.9;5.3
2013.0;"Spalis";"VÐÁ KAROLINIÐKIØ POLIKLINIKA";3619.0;74.0;48.9;5.3
2013.0;"Spalis";"VÐÁ KLAIPËDOS M. POLIKLINIKA";3544.0;68.0;52.1;5.7
2013.0;"Spalis";"VÐÁ KAUNO ÐILAINIØ POLIKLINIKA";3368.0;72.0;46.8;5.8
2013.0;"Spalis";"VÐÁ ÐIAULIØ CENTRO POLIKLINIKA";3280.0;55.0;59.6;5.9
2013.0;"Spalis";"VÐÁ KAUNO M. POLIKLINIKA";3257.0;72.0;45.2;5.6
2013.0;"Spalis";"LIETUVOS SVEIKATOS MOKSLØ UNIVERSITETO LIGONINË KAUNO KLINIKOS";3074.0;384.0;8.0;10.2
2013.0;"Lapkritis";"VÐÁ CENTRO POLIKLINIKA";6580.0;161.0;40.9;5.5
2013.0;"Lapkritis";"VÐÁ VILNIAUS RAJ. CENTRINË POLIKLINIKA";4654.0;70.0;66.5;5.6
2013.0;"Lapkritis";"VÐÁ ÐEÐKINËS POLIKLINIKA";4245.0;108.0;39.3;5.5
2013.0;"Lapkritis";"VÐÁ ANTAKALNIO POLIKLINIKA";3992.0;109.0;36.6;5.4
2013.0;"Lapkritis";"VÐÁ KAUNO ÐILAINIØ POLIKLINIKA";2887.0;71.0;40.7;5.8
2013.0;"Lapkritis";"VÐÁ KAROLINIÐKIØ POLIKLINIKA";2845.0;74.0;38.4;5.4
2013.0;"Lapkritis";"VÐÁ KLAIPËDOS M. POLIKLINIKA";2823.0;72.0;39.2;5.8
2013.0;"Lapkritis";"LIETUVOS SVEIKATOS MOKSLØ UNIVERSITETO LIGONINË KAUNO KLINIKOS";2676.0;378.0;7.1;10.2
2013.0;"Lapkritis";"VÐÁ KAUNO M. POLIKLINIKA";2565.0;68.0;37.7;5.7
2013.0;"Lapkritis";"VÐÁ ÐIAULIØ CENTRO POLIKLINIKA";2508.0;54.0;46.4;6.1
2013.0;"Gruodis";"VÐÁ CENTRO POLIKLINIKA";6968.0;160.0;43.6;5.6
2013.0;"Gruodis";"VÐÁ VILNIAUS RAJ. CENTRINË POLIKLINIKA";4929.0;68.0;72.5;5.7
2013.0;"Gruodis";"VÐÁ ÐEÐKINËS POLIKLINIKA";4265.0;106.0;40.2;5.6
2013.0;"Gruodis";"VÐÁ ANTAKALNIO POLIKLINIKA";4116.0;106.0;38.8;5.4
2013.0;"Gruodis";"VÐÁ KAUNO ÐILAINIØ POLIKLINIKA";2969.0;75.0;39.6;5.8
2013.0;"Gruodis";"VÐÁ KAROLINIÐKIØ POLIKLINIKA";2937.0;73.0;40.2;5.4
2013.0;"Gruodis";"VÐÁ KLAIPËDOS M. POLIKLINIKA";2842.0;64.0;44.4;5.8
2013.0;"Gruodis";"VÐÁ KAUNO M. POLIKLINIKA";2789.0;73.0;38.2;5.7
2013.0;"Gruodis";"VÐÁ ÐIAULIØ CENTRO POLIKLINIKA";2645.0;55.0;48.1;6.0
2013.0;"Gruodis";"LIETUVOS SVEIKATOS MOKSLØ UNIVERSITETO LIGONINË KAUNO KLINIKOS";2593.0;380.0;6.8;10.7
2013.0;"Uþ visus metus";"VÐÁ CENTRO POLIKLINIKA";86015.0;214.0;401.9;5.5
2013.0;"Uþ visus metus";"VÐÁ VILNIAUS RAJ. CENTRINË POLIKLINIKA";60468.0;92.0;657.3;5.6
2013.0;"Uþ visus metus";"VÐÁ ÐEÐKINËS POLIKLINIKA";55911.0;130.0;430.1;5.5
2013.0;"Uþ visus metus";"VÐÁ ANTAKALNIO POLIKLINIKA";53202.0;128.0;415.6;5.4
2013.0;"Uþ visus metus";"VÐÁ KLAIPËDOS M. POLIKLINIKA";38287.0;77.0;497.2;5.9
2013.0;"Uþ visus metus";"VÐÁ KAUNO ÐILAINIØ POLIKLINIKA";37361.0;85.0;439.5;5.7
2013.0;"Uþ visus metus";"VÐÁ ÐIAULIØ CENTRO POLIKLINIKA";35442.0;61.0;581.0;5.9
2013.0;"Uþ visus metus";"VÐÁ KAUNO M. POLIKLINIKA";35035.0;99.0;353.9;5.7
2013.0;"Uþ visus metus";"VÐÁ KAROLINIÐKIØ POLIKLINIKA";34899.0;93.0;375.3;5.4
2013.0;"Uþ visus metus";"LIETUVOS SVEIKATOS MOKSLØ UNIVERSITETO LIGONINË KAUNO KLINIKOS";33522.0;502.0;66.8;10.2
2014.0;"Sausis";"VÐÁ CENTRO POLIKLINIKA";8136.0;157.0;51.8;5.5
2014.0;"Sausis";"VÐÁ VILNIAUS RAJ. CENTRINË POLIKLINIKA";5764.0;67.0;86.0;5.6
2014.0;"Sausis";"VÐÁ ÐEÐKINËS POLIKLINIKA";5183.0;108.0;48.0;5.5
2014.0;"Sausis";"VÐÁ ANTAKALNIO POLIKLINIKA";4810.0;108.0;44.5;5.4
2014.0;"Sausis";"VÐÁ KLAIPËDOS M. POLIKLINIKA";3482.0;62.0;56.2;5.8
2014.0;"Sausis";"VÐÁ KAUNO ÐILAINIØ POLIKLINIKA";3403.0;71.0;47.9;5.9
2014.0;"Sausis";"VÐÁ KAROLINIÐKIØ POLIKLINIKA";3201.0;74.0;43.3;5.4
2014.0;"Sausis";"VÐÁ ÐIAULIØ CENTRO POLIKLINIKA";3176.0;53.0;59.9;6.0
2014.0;"Sausis";"VÐÁ KAUNO M. POLIKLINIKA";3030.0;71.0;42.7;5.8
2014.0;"Sausis";"LIETUVOS SVEIKATOS MOKSLØ UNIVERSITETO LIGONINË KAUNO KLINIKOS";3010.0;380.0;7.9;10.3
2014.0;"Vasaris";"VÐÁ CENTRO POLIKLINIKA";8344.0;161.0;51.8;5.5
2014.0;"Vasaris";"VÐÁ VILNIAUS RAJ. CENTRINË POLIKLINIKA";5804.0;68.0;85.4;5.6
2014.0;"Vasaris";"VÐÁ ÐEÐKINËS POLIKLINIKA";5472.0;107.0;51.1;5.4
2014.0;"Vasaris";"VÐÁ ANTAKALNIO POLIKLINIKA";5056.0;103.0;49.1;5.2
2014.0;"Vasaris";"VÐÁ KLAIPËDOS M. POLIKLINIKA";3776.0;65.0;58.1;5.8
2014.0;"Vasaris";"VÐÁ KAUNO ÐILAINIØ POLIKLINIKA";3707.0;71.0;52.2;5.8
2014.0;"Vasaris";"VÐÁ ÐIAULIØ CENTRO POLIKLINIKA";3417.0;47.0;72.7;5.9
2014.0;"Vasaris";"VÐÁ KAUNO M. POLIKLINIKA";3380.0;69.0;49.0;5.5
2014.0;"Vasaris";"VÐÁ KAROLINIÐKIØ POLIKLINIKA";3245.0;76.0;42.7;5.4
2014.0;"Vasaris";"VÐÁ KËDAINIØ PIRMINËS SVEIKATOS PRIEÞIÛROS CENTRAS";3038.0;44.0;69.0;6.1
2014.0;"Kovas";"VÐÁ CENTRO POLIKLINIKA";8827.0;164.0;53.8;5.3
2014.0;"Kovas";"VÐÁ VILNIAUS RAJ. CENTRINË POLIKLINIKA";5675.0;72.0;78.8;5.5
2014.0;"Kovas";"VÐÁ ÐEÐKINËS POLIKLINIKA";5616.0;113.0;49.7;5.3
2014.0;"Kovas";"VÐÁ ANTAKALNIO POLIKLINIKA";5242.0;106.0;49.5;5.2
2014.0;"Kovas";"VÐÁ KLAIPËDOS M. POLIKLINIKA";3888.0;65.0;59.8;5.7
2014.0;"Kovas";"VÐÁ KAUNO ÐILAINIØ POLIKLINIKA";3701.0;74.0;50.0;5.7
2014.0;"Kovas";"VÐÁ ÐIAULIØ CENTRO POLIKLINIKA";3653.0;53.0;68.9;5.8
2014.0;"Kovas";"VÐÁ KAROLINIÐKIØ POLIKLINIKA";3494.0;78.0;44.8;5.3
2014.0;"Kovas";"VÐÁ KËDAINIØ PIRMINËS SVEIKATOS PRIEÞIÛROS CENTRAS";3423.0;49.0;69.9;5.9
2014.0;"Kovas";"VÐÁ KAUNO M. POLIKLINIKA";3312.0;72.0;46.0;5.6
2014.0;"Balandis";"VÐÁ CENTRO POLIKLINIKA";7947.0;157.0;50.6;5.3
2014.0;"Balandis";"VÐÁ VILNIAUS RAJ. CENTRINË POLIKLINIKA";5338.0;73.0;73.1;5.4
2014.0;"Balandis";"VÐÁ ÐEÐKINËS POLIKLINIKA";5122.0;111.0;46.1;5.3
2014.0;"Balandis";"VÐÁ ANTAKALNIO POLIKLINIKA";4774.0;106.0;45.0;5.2
2014.0;"Balandis";"VÐÁ KAUNO ÐILAINIØ POLIKLINIKA";3453.0;72.0;48.0;5.8
2014.0;"Balandis";"VÐÁ KLAIPËDOS M. POLIKLINIKA";3418.0;61.0;56.0;5.6
2014.0;"Balandis";"VÐÁ KAROLINIÐKIØ POLIKLINIKA";3261.0;78.0;41.8;5.3
2014.0;"Balandis";"VÐÁ ÐIAULIØ CENTRO POLIKLINIKA";3252.0;53.0;61.4;5.9
2014.0;"Balandis";"VÐÁ KËDAINIØ PIRMINËS SVEIKATOS PRIEÞIÛROS CENTRAS";3069.0;48.0;63.9;6.1
2014.0;"Balandis";"VÐÁ KAUNO M. POLIKLINIKA";3022.0;71.0;42.6;5.6
2014.0;"Geguþë";"VÐÁ CENTRO POLIKLINIKA";6322.0;153.0;41.3;5.6
2014.0;"Geguþë";"VÐÁ VILNIAUS RAJ. CENTRINË POLIKLINIKA";4388.0;67.0;65.5;5.7
2014.0;"Geguþë";"VÐÁ ÐEÐKINËS POLIKLINIKA";4141.0;108.0;38.3;5.7
2014.0;"Geguþë";"VÐÁ ANTAKALNIO POLIKLINIKA";3939.0;107.0;36.8;5.5
2014.0;"Geguþë";"VÐÁ KAUNO ÐILAINIØ POLIKLINIKA";2910.0;73.0;39.9;5.9
2014.0;"Geguþë";"LIETUVOS SVEIKATOS MOKSLØ UNIVERSITETO LIGONINË KAUNO KLINIKOS";2820.0;380.0;7.4;10.3
2014.0;"Geguþë";"VÐÁ ÐIAULIØ CENTRO POLIKLINIKA";2779.0;53.0;52.4;6.2
2014.0;"Geguþë";"VÐÁ KAROLINIÐKIØ POLIKLINIKA";2752.0;74.0;37.2;5.4
2014.0;"Geguþë";"VÐÁ KAUNO M. POLIKLINIKA";2696.0;75.0;35.9;5.8
2014.0;"Geguþë";"VÐÁ KËDAINIØ PIRMINËS SVEIKATOS PRIEÞIÛROS CENTRAS";2650.0;46.0;57.6;6.2
2014.0;"Birþelis";"VÐÁ CENTRO POLIKLINIKA";5536.0;152.0;36.4;5.7
2014.0;"Birþelis";"VÐÁ VILNIAUS RAJ. CENTRINË POLIKLINIKA";3965.0;68.0;58.3;5.7
2014.0;"Birþelis";"VÐÁ ÐEÐKINËS POLIKLINIKA";3633.0;107.0;34.0;5.8
2014.0;"Birþelis";"VÐÁ ANTAKALNIO POLIKLINIKA";3410.0;99.0;34.4;5.6
2014.0;"Birþelis";"VÐÁ KAUNO ÐILAINIØ POLIKLINIKA";2604.0;73.0;35.7;6.0
2014.0;"Birþelis";"LIETUVOS SVEIKATOS MOKSLØ UNIVERSITETO LIGONINË KAUNO KLINIKOS";2550.0;378.0;6.7;10.5
2014.0;"Birþelis";"VÐÁ KLAIPËDOS M. POLIKLINIKA";2489.0;61.0;40.8;6.1
2014.0;"Birþelis";"VÐÁ KËDAINIØ PIRMINËS SVEIKATOS PRIEÞIÛROS CENTRAS";2484.0;44.0;56.5;6.2
2014.0;"Birþelis";"VÐÁ KAUNO M. POLIKLINIKA";2469.0;71.0;34.8;5.9
2014.0;"Birþelis";"VÐÁ KAROLINIÐKIØ POLIKLINIKA";2286.0;75.0;30.5;5.6
2014.0;"Liepa";"VÐÁ CENTRO POLIKLINIKA";5272.0;150.0;35.1;5.8
2014.0;"Liepa";"VÐÁ VILNIAUS RAJ. CENTRINË POLIKLINIKA";4000.0;64.0;62.5;5.9
2014.0;"Liepa";"VÐÁ ANTAKALNIO POLIKLINIKA";3246.0;104.0;31.2;5.7
2014.0;"Liepa";"VÐÁ ÐEÐKINËS POLIKLINIKA";3025.0;104.0;29.1;6.0
2014.0;"Liepa";"VÐÁ KLAIPËDOS M. POLIKLINIKA";2622.0;58.0;45.2;6.2
2014.0;"Liepa";"LIETUVOS SVEIKATOS MOKSLØ UNIVERSITETO LIGONINË KAUNO KLINIKOS";2583.0;361.0;7.2;11.1
2014.0;"Liepa";"VÐÁ KAUNO ÐILAINIØ POLIKLINIKA";2581.0;70.0;36.9;6.2
2014.0;"Liepa";"VÐÁ KËDAINIØ PIRMINËS SVEIKATOS PRIEÞIÛROS CENTRAS";2550.0;43.0;59.3;6.3
2014.0;"Liepa";"VÐÁ KAUNO M. POLIKLINIKA";2379.0;70.0;34.0;6.0
2014.0;"Liepa";"VÐÁ ÐIAULIØ CENTRO POLIKLINIKA";2233.0;46.0;48.5;6.3
2014.0;"Rugpjûtis";"VÐÁ CENTRO POLIKLINIKA";5320.0;155.0;34.3;5.8
2014.0;"Rugpjûtis";"VÐÁ VILNIAUS RAJ. CENTRINË POLIKLINIKA";3908.0;67.0;58.3;6.0
2014.0;"Rugpjûtis";"VÐÁ ANTAKALNIO POLIKLINIKA";3219.0;96.0;33.5;5.7
2014.0;"Rugpjûtis";"VÐÁ ÐEÐKINËS POLIKLINIKA";3052.0;106.0;28.8;5.9
2014.0;"Rugpjûtis";"VÐÁ KAUNO ÐILAINIØ POLIKLINIKA";2492.0;68.0;36.6;6.2
2014.0;"Rugpjûtis";"VÐÁ KLAIPËDOS M. POLIKLINIKA";2483.0;54.0;46.0;6.3
2014.0;"Rugpjûtis";"LIETUVOS SVEIKATOS MOKSLØ UNIVERSITETO LIGONINË KAUNO KLINIKOS";2431.0;342.0;7.1;10.4
2014.0;"Rugpjûtis";"VÐÁ KËDAINIØ PIRMINËS SVEIKATOS PRIEÞIÛROS CENTRAS";2427.0;44.0;55.2;6.3
2014.0;"Rugpjûtis";"VÐÁ KAUNO M. POLIKLINIKA";2258.0;66.0;34.2;6.0
2014.0;"Rugpjûtis";"VÐÁ ÐIAULIØ CENTRO POLIKLINIKA";2133.0;48.0;44.4;6.3
2014.0;"Rugsëjis";"VÐÁ CENTRO POLIKLINIKA";7313.0;159.0;46.0;5.5
2014.0;"Rugsëjis";"VÐÁ VILNIAUS RAJ. CENTRINË POLIKLINIKA";5295.0;72.0;73.5;5.6
2014.0;"Rugsëjis";"VÐÁ ANTAKALNIO POLIKLINIKA";4605.0;100.0;46.1;5.3
2014.0;"Rugsëjis";"VÐÁ ÐEÐKINËS POLIKLINIKA";4463.0;108.0;41.3;5.5
2014.0;"Rugsëjis";"VÐÁ KLAIPËDOS M. POLIKLINIKA";3381.0;62.0;54.5;5.9
2014.0;"Rugsëjis";"VÐÁ KAUNO ÐILAINIØ POLIKLINIKA";3091.0;74.0;41.8;5.9
2014.0;"Rugsëjis";"VÐÁ KAUNO M. POLIKLINIKA";3007.0;70.0;43.0;5.7
2014.0;"Rugsëjis";"VÐÁ KËDAINIØ PIRMINËS SVEIKATOS PRIEÞIÛROS CENTRAS";3003.0;46.0;65.3;6.0
2014.0;"Rugsëjis";"VÐÁ KAROLINIÐKIØ POLIKLINIKA";2935.0;78.0;37.6;5.5
2014.0;"Rugsëjis";"LIETUVOS SVEIKATOS MOKSLØ UNIVERSITETO LIGONINË KAUNO KLINIKOS";2808.0;368.0;7.6;10.5
2014.0;"Spalis";"VÐÁ CENTRO POLIKLINIKA";8457.0;171.0;49.5;5.4
2014.0;"Spalis";"VÐÁ VILNIAUS RAJ. CENTRINË POLIKLINIKA";5670.0;69.0;82.2;5.5
2014.0;"Spalis";"VÐÁ ÐEÐKINËS POLIKLINIKA";5564.0;115.0;48.4;5.4
2014.0;"Spalis";"VÐÁ ANTAKALNIO POLIKLINIKA";5141.0;106.0;48.5;5.2
2014.0;"Spalis";"VÐÁ KLAIPËDOS M. POLIKLINIKA";3839.0;63.0;60.9;5.8
2014.0;"Spalis";"VÐÁ KAROLINIÐKIØ POLIKLINIKA";3568.0;79.0;45.2;5.4
2014.0;"Spalis";"VÐÁ KAUNO ÐILAINIØ POLIKLINIKA";3554.0;74.0;48.0;5.9
2014.0;"Spalis";"VÐÁ KAUNO M. POLIKLINIKA";3402.0;70.0;48.6;5.7
2014.0;"Spalis";"VÐÁ ÐIAULIØ CENTRO POLIKLINIKA";3374.0;50.0;67.5;6.1
2014.0;"Spalis";"VÐÁ KËDAINIØ PIRMINËS SVEIKATOS PRIEÞIÛROS CENTRAS";3189.0;48.0;66.4;6.1
2014.0;"Lapkritis";"VÐÁ CENTRO POLIKLINIKA";7736.0;166.0;46.6;5.4
2014.0;"Lapkritis";"VÐÁ VILNIAUS RAJ. CENTRINË POLIKLINIKA";4948.0;73.0;67.8;5.7
2014.0;"Lapkritis";"VÐÁ ÐEÐKINËS POLIKLINIKA";4855.0;109.0;44.5;5.4
2014.0;"Lapkritis";"VÐÁ ANTAKALNIO POLIKLINIKA";4426.0;102.0;43.4;5.2
2014.0;"Lapkritis";"VÐÁ KLAIPËDOS M. POLIKLINIKA";3219.0;63.0;51.1;5.8
2014.0;"Lapkritis";"VÐÁ KAUNO ÐILAINIØ POLIKLINIKA";3061.0;73.0;41.9;5.9
2014.0;"Lapkritis";"VÐÁ KAROLINIÐKIØ POLIKLINIKA";2984.0;75.0;39.8;5.4
2014.0;"Lapkritis";"VÐÁ KAUNO M. POLIKLINIKA";2880.0;69.0;41.7;5.7
2014.0;"Lapkritis";"VÐÁ KËDAINIØ PIRMINËS SVEIKATOS PRIEÞIÛROS CENTRAS";2738.0;47.0;58.3;6.0
2014.0;"Lapkritis";"VÐÁ ÐIAULIØ CENTRO POLIKLINIKA";2707.0;52.0;52.1;6.0
2014.0;"Gruodis";"VÐÁ CENTRO POLIKLINIKA";8011.0;167.0;48.0;5.4
2014.0;"Gruodis";"VÐÁ VILNIAUS RAJ. CENTRINË POLIKLINIKA";5390.0;69.0;78.1;5.6
2014.0;"Gruodis";"VÐÁ ÐEÐKINËS POLIKLINIKA";5107.0;110.0;46.4;5.4
2014.0;"Gruodis";"VÐÁ ANTAKALNIO POLIKLINIKA";4943.0;101.0;48.9;5.1
2014.0;"Gruodis";"VÐÁ KAUNO ÐILAINIØ POLIKLINIKA";3518.0;76.0;46.3;5.8
2014.0;"Gruodis";"VÐÁ KLAIPËDOS M. POLIKLINIKA";3342.0;60.0;55.7;5.8
2014.0;"Gruodis";"VÐÁ KAUNO M. POLIKLINIKA";3210.0;71.0;45.2;5.7
2014.0;"Gruodis";"VÐÁ KAROLINIÐKIØ POLIKLINIKA";3186.0;70.0;45.5;5.3
2014.0;"Gruodis";"VÐÁ ÐIAULIØ CENTRO POLIKLINIKA";3092.0;51.0;60.6;6.0
2014.0;"Gruodis";"VÐÁ KËDAINIØ PIRMINËS SVEIKATOS PRIEÞIÛROS CENTRAS";3050.0;50.0;61.0;6.0
2014.0;"Uþ visus metus";"VÐÁ CENTRO POLIKLINIKA";87221.0;217.0;401.9;5.5
2014.0;"Uþ visus metus";"VÐÁ VILNIAUS RAJ. CENTRINË POLIKLINIKA";60145.0;90.0;668.3;5.6
2014.0;"Uþ visus metus";"VÐÁ ÐEÐKINËS POLIKLINIKA";55233.0;132.0;418.4;5.5
2014.0;"Uþ visus metus";"VÐÁ ANTAKALNIO POLIKLINIKA";52811.0;131.0;403.1;5.3
2014.0;"Uþ visus metus";"VÐÁ KLAIPËDOS M. POLIKLINIKA";38530.0;69.0;558.4;5.9
2014.0;"Uþ visus metus";"VÐÁ KAUNO ÐILAINIØ POLIKLINIKA";38075.0;82.0;464.3;5.9
2014.0;"Uþ visus metus";"VÐÁ KAUNO M. POLIKLINIKA";35045.0;82.0;427.4;5.7
2014.0;"Uþ visus metus";"VÐÁ KAROLINIÐKIØ POLIKLINIKA";34925.0;95.0;367.6;5.4
2014.0;"Uþ visus metus";"VÐÁ ÐIAULIØ CENTRO POLIKLINIKA";34885.0;57.0;612.0;6.1
2014.0;"Uþ visus metus";"VÐÁ KËDAINIØ PIRMINËS SVEIKATOS PRIEÞIÛROS CENTRAS";34514.0;58.0;595.1;6.1
2015.0;"Sausis";"VÐÁ CENTRO POLIKLINIKA";9927.0;169.0;58.7;5.4
2015.0;"Sausis";"VÐÁ VILNIAUS RAJ. CENTRINË POLIKLINIKA";7036.0;70.0;100.5;5.6
2015.0;"Sausis";"VÐÁ ÐEÐKINËS POLIKLINIKA";6724.0;106.0;63.4;5.5
2015.0;"Sausis";"VÐÁ ANTAKALNIO POLIKLINIKA";6340.0;109.0;58.2;5.2
2015.0;"Sausis";"VÐÁ KAROLINIÐKIØ POLIKLINIKA";4276.0;78.0;54.8;5.5
2015.0;"Sausis";"VÐÁ KAUNO ÐILAINIØ POLIKLINIKA";4276.0;73.0;58.6;5.7
2015.0;"Sausis";"VÐÁ KLAIPËDOS M. POLIKLINIKA";3966.0;62.0;64.0;5.8
2015.0;"Sausis";"VÐÁ KAUNO M. POLIKLINIKA";3754.0;70.0;53.6;5.6
2015.0;"Sausis";"VÐÁ ÐIAULIØ CENTRO POLIKLINIKA";3630.0;53.0;68.5;6.0
2015.0;"Sausis";"VÐÁ KËDAINIØ PIRMINËS SVEIKATOS PRIEÞIÛROS CENTRAS";3620.0;50.0;72.4;6.0
2015.0;"Vasaris";"VÐÁ CENTRO POLIKLINIKA";11834.0;161.0;73.5;5.3
2015.0;"Vasaris";"VÐÁ VILNIAUS RAJ. CENTRINË POLIKLINIKA";8454.0;72.0;117.4;5.5
2015.0;"Vasaris";"VÐÁ ÐEÐKINËS POLIKLINIKA";7994.0;102.0;78.4;5.4
2015.0;"Vasaris";"VÐÁ ANTAKALNIO POLIKLINIKA";7607.0;109.0;69.8;5.1
2015.0;"Vasaris";"VÐÁ KAROLINIÐKIØ POLIKLINIKA";5300.0;76.0;69.7;5.4
2015.0;"Vasaris";"VÐÁ KAUNO ÐILAINIØ POLIKLINIKA";4955.0;73.0;67.9;5.6
2015.0;"Vasaris";"VÐÁ KAUNO M. POLIKLINIKA";4703.0;69.0;68.2;5.6
2015.0;"Vasaris";"UAB INMEDICA";4442.0;58.0;76.6;5.6
2015.0;"Vasaris";"VÐÁ KLAIPËDOS M. POLIKLINIKA";4313.0;63.0;68.5;5.6
2015.0;"Vasaris";"VÐÁ ÐIAULIØ CENTRO POLIKLINIKA";4016.0;49.0;82.0;5.8
2015.0;"Kovas";"VÐÁ CENTRO POLIKLINIKA";11317.0;169.0;67.0;5.3
2015.0;"Kovas";"VÐÁ VILNIAUS RAJ. CENTRINË POLIKLINIKA";7595.0;74.0;102.6;5.5
2015.0;"Kovas";"VÐÁ ÐEÐKINËS POLIKLINIKA";7442.0;105.0;70.9;5.4
2015.0;"Kovas";"VÐÁ ANTAKALNIO POLIKLINIKA";7030.0;109.0;64.5;5.2
2015.0;"Kovas";"VÐÁ KAROLINIÐKIØ POLIKLINIKA";5045.0;74.0;68.2;5.4
2015.0;"Kovas";"VÐÁ KLAIPËDOS M. POLIKLINIKA";4388.0;63.0;69.7;5.6
2015.0;"Kovas";"VÐÁ KAUNO M. POLIKLINIKA";4375.0;69.0;63.4;5.6
2015.0;"Kovas";"VÐÁ KËDAINIØ PIRMINËS SVEIKATOS PRIEÞIÛROS CENTRAS";4313.0;46.0;93.8;5.9
2015.0;"Kovas";"VÐÁ KAUNO ÐILAINIØ POLIKLINIKA";4297.0;75.0;57.3;5.7
2015.0;"Kovas";"UAB INMEDICA";4117.0;57.0;72.2;5.6
2015.0;"Balandis";"VÐÁ CENTRO POLIKLINIKA";8986.0;160.0;56.2;5.5
2015.0;"Balandis";"VÐÁ VILNIAUS RAJ. CENTRINË POLIKLINIKA";6298.0;68.0;92.6;5.7
2015.0;"Balandis";"VÐÁ ÐEÐKINËS POLIKLINIKA";5726.0;101.0;56.7;5.6
2015.0;"Balandis";"VÐÁ ANTAKALNIO POLIKLINIKA";5438.0;110.0;49.4;5.4
2015.0;"Balandis";"VÐÁ KLAIPËDOS M. POLIKLINIKA";3908.0;61.0;64.1;5.8
2015.0;"Balandis";"VÐÁ KAUNO ÐILAINIØ POLIKLINIKA";3875.0;74.0;52.4;5.9
2015.0;"Balandis";"VÐÁ KËDAINIØ PIRMINËS SVEIKATOS PRIEÞIÛROS CENTRAS";3870.0;49.0;79.0;6.1
2015.0;"Balandis";"VÐÁ KAROLINIÐKIØ POLIKLINIKA";3801.0;70.0;54.3;5.5
2015.0;"Balandis";"VÐÁ ÐIAULIØ CENTRO POLIKLINIKA";3721.0;53.0;70.2;5.9
2015.0;"Balandis";"VÐÁ KAUNO M. POLIKLINIKA";3558.0;73.0;48.7;5.8
2015.0;"Geguþë";"VÐÁ CENTRO POLIKLINIKA";7171.0;154.0;46.6;5.5
2015.0;"Geguþë";"VÐÁ VILNIAUS RAJ. CENTRINË POLIKLINIKA";5367.0;69.0;77.8;5.7
2015.0;"Geguþë";"VÐÁ ANTAKALNIO POLIKLINIKA";4623.0;106.0;43.6;5.3
2015.0;"Geguþë";"VÐÁ ÐEÐKINËS POLIKLINIKA";4539.0;100.0;45.4;5.7
2015.0;"Geguþë";"VÐÁ KAROLINIÐKIØ POLIKLINIKA";3095.0;69.0;44.9;5.5
2015.0;"Geguþë";"VÐÁ KAUNO M. POLIKLINIKA";3070.0;67.0;45.8;5.8
2015.0;"Geguþë";"VÐÁ KLAIPËDOS M. POLIKLINIKA";3066.0;62.0;49.5;5.9
2015.0;"Geguþë";"VÐÁ KËDAINIØ PIRMINËS SVEIKATOS PRIEÞIÛROS CENTRAS";3023.0;47.0;64.3;6.2
2015.0;"Geguþë";"LIETUVOS SVEIKATOS MOKSLØ UNIVERSITETO LIGONINË KAUNO KLINIKOS";2965.0;390.0;7.6;10.0
2015.0;"Geguþë";"VÐÁ ÐIAULIØ CENTRO POLIKLINIKA";2946.0;52.0;56.7;5.9
2015.0;"Birþelis";"VÐÁ CENTRO POLIKLINIKA";7187.0;157.0;45.8;5.6
2015.0;"Birþelis";"VÐÁ VILNIAUS RAJ. CENTRINË POLIKLINIKA";5582.0;66.0;84.6;5.7
2015.0;"Birþelis";"VÐÁ ÐEÐKINËS POLIKLINIKA";4433.0;100.0;44.3;5.8
2015.0;"Birþelis";"VÐÁ ANTAKALNIO POLIKLINIKA";4192.0;104.0;40.3;5.4
2015.0;"Birþelis";"VÐÁ KAUNO M. POLIKLINIKA";3218.0;68.0;47.3;5.8
2015.0;"Birþelis";"VÐÁ KAUNO ÐILAINIØ POLIKLINIKA";3090.0;69.0;44.8;5.8
2015.0;"Birþelis";"VÐÁ KLAIPËDOS M. POLIKLINIKA";3066.0;59.0;52.0;6.0
2015.0;"Birþelis";"LIETUVOS SVEIKATOS MOKSLØ UNIVERSITETO LIGONINË KAUNO KLINIKOS";2962.0;374.0;7.9;10.2
2015.0;"Birþelis";"VÐÁ KËDAINIØ PIRMINËS SVEIKATOS PRIEÞIÛROS CENTRAS";2957.0;45.0;65.7;6.0
2015.0;"Birþelis";"VÐÁ ÐIAULIØ CENTRO POLIKLINIKA";2948.0;53.0;55.6;6.1
2015.0;"Liepa";"VÐÁ CENTRO POLIKLINIKA";6054.0;141.0;42.9;6.0
2015.0;"Liepa";"VÐÁ VILNIAUS RAJ. CENTRINË POLIKLINIKA";4687.0;63.0;74.4;6.1
2015.0;"Liepa";"VÐÁ ANTAKALNIO POLIKLINIKA";3755.0;110.0;34.1;6.0
2015.0;"Liepa";"VÐÁ ÐEÐKINËS POLIKLINIKA";3572.0;97.0;36.8;6.2
2015.0;"Liepa";"VÐÁ KAUNO M. POLIKLINIKA";2998.0;70.0;42.8;6.2
2015.0;"Liepa";"VÐÁ KAUNO ÐILAINIØ POLIKLINIKA";2911.0;67.0;43.4;6.2
2015.0;"Liepa";"VÐÁ KËDAINIØ PIRMINËS SVEIKATOS PRIEÞIÛROS CENTRAS";2887.0;41.0;70.4;6.4
2015.0;"Liepa";"VÐÁ KLAIPËDOS M. POLIKLINIKA";2844.0;59.0;48.2;6.5
2015.0;"Liepa";"LIETUVOS SVEIKATOS MOKSLØ UNIVERSITETO LIGONINË KAUNO KLINIKOS";2755.0;329.0;8.4;10.4
2015.0;"Liepa";"UAB INMEDICA";2748.0;69.0;39.8;6.1
2015.0;"Rugpjûtis";"VÐÁ CENTRO POLIKLINIKA";6274.0;143.0;43.9;5.8
2015.0;"Rugpjûtis";"VÐÁ VILNIAUS RAJ. CENTRINË POLIKLINIKA";4762.0;67.0;71.1;5.9
2015.0;"Rugpjûtis";"VÐÁ ÐEÐKINËS POLIKLINIKA";3759.0;98.0;38.4;6.0
2015.0;"Rugpjûtis";"VÐÁ ANTAKALNIO POLIKLINIKA";3645.0;105.0;34.7;5.8
2015.0;"Rugpjûtis";"VÐÁ KAUNO ÐILAINIØ POLIKLINIKA";2969.0;68.0;43.7;6.2
2015.0;"Rugpjûtis";"VÐÁ KAUNO M. POLIKLINIKA";2964.0;63.0;47.0;6.1
2015.0;"Rugpjûtis";"VÐÁ KLAIPËDOS M. POLIKLINIKA";2880.0;52.0;55.4;6.3
2015.0;"Rugpjûtis";"VÐÁ KËDAINIØ PIRMINËS SVEIKATOS PRIEÞIÛROS CENTRAS";2789.0;44.0;63.4;6.3
2015.0;"Rugpjûtis";"UAB INMEDICA";2643.0;67.0;39.4;6.1
2015.0;"Rugpjûtis";"LIETUVOS SVEIKATOS MOKSLØ UNIVERSITETO LIGONINË KAUNO KLINIKOS";2527.0;332.0;7.6;10.1
2015.0;"Rugsëjis";"VÐÁ CENTRO POLIKLINIKA";7990.0;158.0;50.6;5.5
2015.0;"Rugsëjis";"VÐÁ VILNIAUS RAJ. CENTRINË POLIKLINIKA";5726.0;67.0;85.5;5.7
2015.0;"Rugsëjis";"VÐÁ ÐEÐKINËS POLIKLINIKA";4956.0;98.0;50.6;5.6
2015.0;"Rugsëjis";"VÐÁ ANTAKALNIO POLIKLINIKA";4921.0;111.0;44.3;5.4
2015.0;"Rugsëjis";"VÐÁ KAUNO ÐILAINIØ POLIKLINIKA";3595.0;66.0;54.5;5.9
2015.0;"Rugsëjis";"UAB INMEDICA";3534.0;68.0;52.0;5.7
2015.0;"Rugsëjis";"VÐÁ KAUNO M. POLIKLINIKA";3482.0;65.0;53.6;5.9
2015.0;"Rugsëjis";"VÐÁ KLAIPËDOS M. POLIKLINIKA";3453.0;62.0;55.7;6.0
2015.0;"Rugsëjis";"VÐÁ KËDAINIØ PIRMINËS SVEIKATOS PRIEÞIÛROS CENTRAS";3326.0;52.0;64.0;6.1
2015.0;"Rugsëjis";"VÐÁ KAROLINIÐKIØ POLIKLINIKA";3296.0;73.0;45.2;5.5
2015.0;"Spalis";"VÐÁ CENTRO POLIKLINIKA";9527.0;157.0;60.7;5.3
2015.0;"Spalis";"VÐÁ VILNIAUS RAJ. CENTRINË POLIKLINIKA";6876.0;68.0;101.1;5.7
2015.0;"Spalis";"VÐÁ ÐEÐKINËS POLIKLINIKA";5955.0;103.0;57.8;5.5
2015.0;"Spalis";"VÐÁ ANTAKALNIO POLIKLINIKA";5893.0;109.0;54.1;5.3
2015.0;"Spalis";"UAB INMEDICA";4395.0;74.0;59.4;5.7
2015.0;"Spalis";"VÐÁ KLAIPËDOS M. POLIKLINIKA";4307.0;62.0;69.5;5.9
2015.0;"Spalis";"VÐÁ KAUNO M. POLIKLINIKA";4115.0;66.0;62.3;5.7
2015.0;"Spalis";"VÐÁ KAUNO ÐILAINIØ POLIKLINIKA";4102.0;64.0;64.1;5.9
2015.0;"Spalis";"VÐÁ KAROLINIÐKIØ POLIKLINIKA";3969.0;72.0;55.1;5.5
2015.0;"Spalis";"VÐÁ KËDAINIØ PIRMINËS SVEIKATOS PRIEÞIÛROS CENTRAS";3793.0;53.0;71.6;6.1
2015.0;"Lapkritis";"VÐÁ CENTRO POLIKLINIKA";9395.0;163.0;57.6;5.4
2015.0;"Lapkritis";"VÐÁ VILNIAUS RAJ. CENTRINË POLIKLINIKA";6369.0;70.0;91.0;5.6
2015.0;"Lapkritis";"VÐÁ ÐEÐKINËS POLIKLINIKA";5942.0;104.0;57.1;5.5
2015.0;"Lapkritis";"VÐÁ ANTAKALNIO POLIKLINIKA";5707.0;112.0;51.0;5.2
2015.0;"Lapkritis";"UAB INMEDICA";4547.0;77.0;59.1;5.6
2015.0;"Lapkritis";"VÐÁ KAUNO ÐILAINIØ POLIKLINIKA";3932.0;71.0;55.4;5.9
2015.0;"Lapkritis";"VÐÁ KAROLINIÐKIØ POLIKLINIKA";3913.0;71.0;55.1;5.4
2015.0;"Lapkritis";"VÐÁ KAUNO M. POLIKLINIKA";3835.0;71.0;54.0;5.8
2015.0;"Lapkritis";"VÐÁ KLAIPËDOS M. POLIKLINIKA";3769.0;61.0;61.8;5.9
2015.0;"Lapkritis";"VÐÁ ÐIAULIØ CENTRO POLIKLINIKA";3619.0;53.0;68.3;5.9
2015.0;"Gruodis";"VÐÁ CENTRO POLIKLINIKA";9277.0;172.0;53.9;5.4
2015.0;"Gruodis";"VÐÁ VILNIAUS RAJ. CENTRINË POLIKLINIKA";6751.0;70.0;96.4;5.7
2015.0;"Gruodis";"VÐÁ ÐEÐKINËS POLIKLINIKA";5542.0;102.0;54.3;5.5
2015.0;"Gruodis";"VÐÁ ANTAKALNIO POLIKLINIKA";5465.0;115.0;47.5;5.3
2015.0;"Gruodis";"UAB INMEDICA";4341.0;73.0;59.5;5.5
2015.0;"Gruodis";"UAB "MEDICA KLINIKA"";4188.0;71.0;59.0;6.0
2015.0;"Gruodis";"VÐÁ KAUNO ÐILAINIØ POLIKLINIKA";3876.0;66.0;58.7;5.9
2015.0;"Gruodis";"VÐÁ KAUNO M. POLIKLINIKA";3822.0;71.0;53.8;5.7
2015.0;"Gruodis";"VÐÁ KLAIPËDOS M. POLIKLINIKA";3821.0;56.0;68.2;5.8
2015.0;"Gruodis";"VÐÁ KËDAINIØ PIRMINËS SVEIKATOS PRIEÞIÛROS CENTRAS";3734.0;53.0;70.5;6.1
2015.0;"Uþ visus metus";"VÐÁ CENTRO POLIKLINIKA";104939.0;224.0;468.5;5.5
2015.0;"Uþ visus metus";"VÐÁ VILNIAUS RAJ. CENTRINË POLIKLINIKA";75503.0;90.0;838.9;5.7
2015.0;"Uþ visus metus";"VÐÁ ÐEÐKINËS POLIKLINIKA";66584.0;128.0;520.2;5.6
2015.0;"Uþ visus metus";"VÐÁ ANTAKALNIO POLIKLINIKA";64616.0;137.0;471.6;5.3
2015.0;"Uþ visus metus";"VÐÁ KAUNO ÐILAINIØ POLIKLINIKA";44817.0;87.0;515.1;5.9
2015.0;"Uþ visus metus";"VÐÁ KAUNO M. POLIKLINIKA";43894.0;83.0;528.8;5.8
2015.0;"Uþ visus metus";"VÐÁ KAROLINIÐKIØ POLIKLINIKA";43831.0;90.0;487.0;5.5
2015.0;"Uþ visus metus";"VÐÁ KLAIPËDOS M. POLIKLINIKA";43781.0;68.0;643.8;5.9
2015.0;"Uþ visus metus";"UAB INMEDICA";43329.0;92.0;471.0;5.7
2015.0;"Uþ visus metus";"VÐÁ KËDAINIØ PIRMINËS SVEIKATOS PRIEÞIÛROS CENTRAS";41810.0;61.0;685.4;6.1
2016.0;"Sausis";"VÐÁ CENTRO POLIKLINIKA";11522.0;166.0;69.4;5.3
2016.0;"Sausis";"VÐÁ VILNIAUS RAJ. CENTRINË POLIKLINIKA";8149.0;69.0;118.1;5.6
2016.0;"Sausis";"VÐÁ ÐEÐKINËS POLIKLINIKA";7283.0;101.0;72.1;5.5
2016.0;"Sausis";"VÐÁ ANTAKALNIO POLIKLINIKA";7164.0;111.0;64.5;5.2
2016.0;"Sausis";"UAB "MEDICA KLINIKA"";6622.0;83.0;79.8;5.7
2016.0;"Sausis";"VÐÁ KAROLINIÐKIØ POLIKLINIKA";5111.0;69.0;74.1;5.4
2016.0;"Sausis";"UAB INMEDICA";5068.0;74.0;68.5;5.5
2016.0;"Sausis";"VÐÁ KAUNO ÐILAINIØ POLIKLINIKA";4881.0;68.0;71.8;5.7
2016.0;"Sausis";"VÐÁ KLAIPËDOS M. POLIKLINIKA";4499.0;58.0;77.6;5.6
2016.0;"Sausis";"VÐÁ KAUNO M. POLIKLINIKA";4491.0;71.0;63.3;5.6
2016.0;"Vasaris";"VÐÁ CENTRO POLIKLINIKA";13022.0;164.0;79.4;5.2
2016.0;"Vasaris";"VÐÁ VILNIAUS RAJ. CENTRINË POLIKLINIKA";9104.0;71.0;128.2;5.6
2016.0;"Vasaris";"VÐÁ ÐEÐKINËS POLIKLINIKA";8515.0;97.0;87.8;5.4
2016.0;"Vasaris";"VÐÁ ANTAKALNIO POLIKLINIKA";8023.0;114.0;70.4;5.1
2016.0;"Vasaris";"UAB "MEDICA KLINIKA"";7719.0;77.0;100.2;5.7
2016.0;"Vasaris";"UAB INMEDICA";5974.0;70.0;85.3;5.4
2016.0;"Vasaris";"VÐÁ KAUNO ÐILAINIØ POLIKLINIKA";5693.0;72.0;79.1;5.6
2016.0;"Vasaris";"VÐÁ KAROLINIÐKIØ POLIKLINIKA";5627.0;75.0;75.0;5.4
2016.0;"Vasaris";"VÐÁ KAUNO M. POLIKLINIKA";5430.0;65.0;83.5;5.6
2016.0;"Vasaris";"VÐÁ KLAIPËDOS M. POLIKLINIKA";5377.0;63.0;85.3;5.6
2016.0;"Kovas";"VÐÁ CENTRO POLIKLINIKA";10168.0;165.0;61.6;5.3
2016.0;"Kovas";"VÐÁ VILNIAUS RAJ. CENTRINË POLIKLINIKA";7259.0;75.0;96.8;5.5
2016.0;"Kovas";"VÐÁ ÐEÐKINËS POLIKLINIKA";6364.0;97.0;65.6;5.4
2016.0;"Kovas";"UAB "MEDICA KLINIKA"";6269.0;77.0;81.4;5.7
2016.0;"Kovas";"VÐÁ ANTAKALNIO POLIKLINIKA";6005.0;116.0;51.8;5.1
2016.0;"Kovas";"UAB INMEDICA";4662.0;71.0;65.7;5.4
2016.0;"Kovas";"VÐÁ KAUNO ÐILAINIØ POLIKLINIKA";4641.0;68.0;68.3;5.7
2016.0;"Kovas";"VÐÁ KAUNO M. POLIKLINIKA";4358.0;67.0;65.0;5.5
2016.0;"Kovas";"VÐÁ KAROLINIÐKIØ POLIKLINIKA";4270.0;78.0;54.7;5.4
2016.0;"Kovas";"VÐÁ KLAIPËDOS M. POLIKLINIKA";4026.0;62.0;64.9;5.7
2016.0;"Balandis";"VÐÁ CENTRO POLIKLINIKA";8629.0;162.0;53.3;5.4
2016.0;"Balandis";"VÐÁ VILNIAUS RAJ. CENTRINË POLIKLINIKA";6157.0;70.0;88.0;5.7
2016.0;"Balandis";"VÐÁ ANTAKALNIO POLIKLINIKA";5712.0;111.0;51.5;5.3
2016.0;"Balandis";"VÐÁ ÐEÐKINËS POLIKLINIKA";5519.0;96.0;57.5;5.6
2016.0;"Balandis";"UAB "MEDICA KLINIKA"";5350.0;81.0;66.0;6.0
2016.0;"Balandis";"VÐÁ KAUNO ÐILAINIØ POLIKLINIKA";4068.0;67.0;60.7;5.9
2016.0;"Balandis";"UAB INMEDICA";3929.0;73.0;53.8;5.6
2016.0;"Balandis";"VÐÁ KAUNO M. POLIKLINIKA";3818.0;70.0;54.5;5.8
2016.0;"Balandis";"VÐÁ KLAIPËDOS M. POLIKLINIKA";3688.0;60.0;61.5;5.9
2016.0;"Balandis";"VÐÁ KAROLINIÐKIØ POLIKLINIKA";3628.0;75.0;48.4;5.5
2016.0;"Geguþë";"VÐÁ CENTRO POLIKLINIKA";8338.0;154.0;54.1;5.4
2016.0;"Geguþë";"VÐÁ VILNIAUS RAJ. CENTRINË POLIKLINIKA";6294.0;71.0;88.6;5.7
2016.0;"Geguþë";"VÐÁ ANTAKALNIO POLIKLINIKA";5214.0;112.0;46.6;5.3
2016.0;"Geguþë";"VÐÁ ÐEÐKINËS POLIKLINIKA";5164.0;96.0;53.8;5.6
2016.0;"Geguþë";"UAB "MEDICA KLINIKA"";4942.0;75.0;65.9;5.9
2016.0;"Geguþë";"VÐÁ KAUNO ÐILAINIØ POLIKLINIKA";3721.0;66.0;56.4;6.0
2016.0;"Geguþë";"UAB INMEDICA";3680.0;70.0;52.6;5.6
2016.0;"Geguþë";"VÐÁ KËDAINIØ PIRMINËS SVEIKATOS PRIEÞIÛROS CENTRAS";3646.0;51.0;71.5;6.2
2016.0;"Geguþë";"VÐÁ KAROLINIÐKIØ POLIKLINIKA";3594.0;74.0;48.6;5.5
2016.0;"Geguþë";"VÐÁ KAUNO M. POLIKLINIKA";3583.0;66.0;54.3;5.8
2016.0;"Birþelis";"VÐÁ CENTRO POLIKLINIKA";6956.0;158.0;44.0;5.6
2016.0;"Birþelis";"VÐÁ VILNIAUS RAJ. CENTRINË POLIKLINIKA";5272.0;70.0;75.3;5.8
2016.0;"Birþelis";"UAB "MEDICA KLINIKA"";4543.0;73.0;62.2;6.1
2016.0;"Birþelis";"VÐÁ ÐEÐKINËS POLIKLINIKA";4302.0;89.0;48.3;5.7
2016.0;"Birþelis";"VÐÁ ANTAKALNIO POLIKLINIKA";4275.0;109.0;39.2;5.5
2016.0;"Birþelis";"VÐÁ KËDAINIØ PIRMINËS SVEIKATOS PRIEÞIÛROS CENTRAS";3356.0;47.0;71.4;6.2
2016.0;"Birþelis";"UAB INMEDICA";3216.0;67.0;48.0;5.7
2016.0;"Birþelis";"VÐÁ KAUNO ÐILAINIØ POLIKLINIKA";3146.0;65.0;48.4;6.0
2016.0;"Birþelis";"VÐÁ KAUNO M. POLIKLINIKA";3088.0;70.0;44.1;5.9
2016.0;"Birþelis";"VÐÁ ÐIAULIØ CENTRO POLIKLINIKA";3015.0;52.0;58.0;6.1
2016.0;"Liepa";"VÐÁ CENTRO POLIKLINIKA";5782.0;147.0;39.3;5.9
2016.0;"Liepa";"VÐÁ VILNIAUS RAJ. CENTRINË POLIKLINIKA";4522.0;69.0;65.5;6.1
2016.0;"Liepa";"UAB "MEDICA KLINIKA"";3977.0;73.0;54.5;6.2
2016.0;"Liepa";"VÐÁ ANTAKALNIO POLIKLINIKA";3516.0;106.0;33.2;5.7
2016.0;"Liepa";"VÐÁ ÐEÐKINËS POLIKLINIKA";3359.0;89.0;37.7;6.0
2016.0;"Liepa";"VÐÁ KËDAINIØ PIRMINËS SVEIKATOS PRIEÞIÛROS CENTRAS";2809.0;46.0;61.1;6.3
2016.0;"Liepa";"VÐÁ KAUNO ÐILAINIØ POLIKLINIKA";2648.0;63.0;42.0;6.2
2016.0;"Liepa";"LIETUVOS SVEIKATOS MOKSLØ UNIVERSITETO LIGONINË KAUNO KLINIKOS";2604.0;356.0;7.3;10.6
2016.0;"Liepa";"UAB INMEDICA";2564.0;65.0;39.4;6.1
2016.0;"Liepa";"VÐÁ KAUNO M. POLIKLINIKA";2557.0;62.0;41.2;6.1
2016.0;"Rugpjûtis";"VÐÁ CENTRO POLIKLINIKA";7060.0;152.0;46.4;5.7
2016.0;"Rugpjûtis";"VÐÁ VILNIAUS RAJ. CENTRINË POLIKLINIKA";5338.0;67.0;79.7;5.8
2016.0;"Rugpjûtis";"UAB "MEDICA KLINIKA"";4739.0;72.0;65.8;6.1
2016.0;"Rugpjûtis";"VÐÁ ANTAKALNIO POLIKLINIKA";4379.0;111.0;39.5;5.6
2016.0;"Rugpjûtis";"VÐÁ ÐEÐKINËS POLIKLINIKA";4092.0;93.0;44.0;5.8
2016.0;"Rugpjûtis";"VÐÁ KAUNO M. POLIKLINIKA";3315.0;70.0;47.4;6.1
2016.0;"Rugpjûtis";"VÐÁ KËDAINIØ PIRMINËS SVEIKATOS PRIEÞIÛROS CENTRAS";3165.0;47.0;67.3;6.2
2016.0;"Rugpjûtis";"VÐÁ KAUNO ÐILAINIØ POLIKLINIKA";3136.0;67.0;46.8;6.0
2016.0;"Rugpjûtis";"UAB INMEDICA";3080.0;62.0;49.7;5.8
2016.0;"Rugpjûtis";"VÐÁ KAROLINIÐKIØ POLIKLINIKA";2918.0;70.0;41.7;5.8
2016.0;"Rugsëjis";"VÐÁ CENTRO POLIKLINIKA";8945.0;162.0;55.2;5.5
2016.0;"Rugsëjis";"VÐÁ VILNIAUS RAJ. CENTRINË POLIKLINIKA";6570.0;74.0;88.8;5.8
2016.0;"Rugsëjis";"VÐÁ ANTAKALNIO POLIKLINIKA";5627.0;119.0;47.3;5.4
2016.0;"Rugsëjis";"VÐÁ ÐEÐKINËS POLIKLINIKA";5368.0;96.0;55.9;5.6
2016.0;"Rugsëjis";"UAB "MEDICA KLINIKA"";5180.0;73.0;71.0;5.8
2016.0;"Rugsëjis";"VÐÁ KAROLINIÐKIØ POLIKLINIKA";3972.0;73.0;54.4;5.6
2016.0;"Rugsëjis";"UAB INMEDICA";3880.0;71.0;54.6;5.6
2016.0;"Rugsëjis";"VÐÁ KAUNO M. POLIKLINIKA";3802.0;70.0;54.3;5.8
2016.0;"Rugsëjis";"VÐÁ KËDAINIØ PIRMINËS SVEIKATOS PRIEÞIÛROS CENTRAS";3566.0;53.0;67.3;6.1
2016.0;"Rugsëjis";"VÐÁ KLAIPËDOS M. POLIKLINIKA";3541.0;58.0;61.1;5.9
2016.0;"Spalis";"VÐÁ CENTRO POLIKLINIKA";9826.0;164.0;59.9;5.4
2016.0;"Spalis";"VÐÁ VILNIAUS RAJ. CENTRINË POLIKLINIKA";6960.0;72.0;96.7;5.7
2016.0;"Spalis";"VÐÁ ANTAKALNIO POLIKLINIKA";6150.0;115.0;53.5;5.3
2016.0;"Spalis";"VÐÁ ÐEÐKINËS POLIKLINIKA";5814.0;95.0;61.2;5.6
2016.0;"Spalis";"UAB "MEDICA KLINIKA"";5533.0;77.0;71.9;5.8
2016.0;"Spalis";"VÐÁ KAROLINIÐKIØ POLIKLINIKA";4400.0;70.0;62.9;5.5
2016.0;"Spalis";"UAB INMEDICA";4208.0;72.0;58.4;5.5
2016.0;"Spalis";"VÐÁ KAUNO M. POLIKLINIKA";4052.0;72.0;56.3;5.8
2016.0;"Spalis";"VÐÁ KAUNO ÐILAINIØ POLIKLINIKA";3862.0;68.0;56.8;5.8
2016.0;"Spalis";"VÐÁ KËDAINIØ PIRMINËS SVEIKATOS PRIEÞIÛROS CENTRAS";3847.0;50.0;76.9;6.1
2016.0;"Lapkritis";"VÐÁ CENTRO POLIKLINIKA";9502.0;163.0;58.3;5.4
2016.0;"Lapkritis";"VÐÁ VILNIAUS RAJ. CENTRINË POLIKLINIKA";6703.0;68.0;98.6;5.7
2016.0;"Lapkritis";"VÐÁ ANTAKALNIO POLIKLINIKA";6194.0;112.0;55.3;5.3
2016.0;"Lapkritis";"VÐÁ ÐEÐKINËS POLIKLINIKA";5459.0;96.0;56.9;5.6
2016.0;"Lapkritis";"UAB "MEDICA KLINIKA"";5412.0;81.0;66.8;5.7
2016.0;"Lapkritis";"VÐÁ KAROLINIÐKIØ POLIKLINIKA";4245.0;74.0;57.4;5.6
2016.0;"Lapkritis";"UAB INMEDICA";4058.0;70.0;58.0;5.4
2016.0;"Lapkritis";"VÐÁ KAUNO M. POLIKLINIKA";3899.0;68.0;57.3;5.7
2016.0;"Lapkritis";"VÐÁ KAUNO ÐILAINIØ POLIKLINIKA";3703.0;65.0;57.0;5.9
2016.0;"Lapkritis";"VÐÁ KLAIPËDOS M. POLIKLINIKA";3598.0;64.0;56.2;5.9
2016.0;"Gruodis";"VÐÁ CENTRO POLIKLINIKA";11398.0;160.0;71.2;5.4
2016.0;"Gruodis";"UAB "MEDICA KLINIKA"";8517.0;102.0;83.5;5.9
2016.0;"Gruodis";"VÐÁ VILNIAUS RAJ. CENTRINË POLIKLINIKA";7919.0;69.0;114.8;5.7
2016.0;"Gruodis";"VÐÁ ANTAKALNIO POLIKLINIKA";7526.0;114.0;66.0;5.3
2016.0;"Gruodis";"VÐÁ ÐEÐKINËS POLIKLINIKA";7039.0;100.0;70.4;5.6
2016.0;"Gruodis";"VÐÁ KAROLINIÐKIØ POLIKLINIKA";5256.0;77.0;68.3;5.6
2016.0;"Gruodis";"UAB INMEDICA";4630.0;69.0;67.1;5.4
2016.0;"Gruodis";"VÐÁ KAUNO M. POLIKLINIKA";4281.0;68.0;63.0;5.8
2016.0;"Gruodis";"VÐÁ KAUNO ÐILAINIØ POLIKLINIKA";4096.0;62.0;66.1;5.8
2016.0;"Gruodis";"VÐÁ KLAIPËDOS M. POLIKLINIKA";4085.0;60.0;68.1;6.0
2016.0;"Uþ visus metus";"VÐÁ CENTRO POLIKLINIKA";111148.0;227.0;489.6;5.4
2016.0;"Uþ visus metus";"VÐÁ VILNIAUS RAJ. CENTRINË POLIKLINIKA";80247.0;94.0;853.7;5.7
2016.0;"Uþ visus metus";"VÐÁ ANTAKALNIO POLIKLINIKA";69785.0;138.0;505.7;5.3
2016.0;"Uþ visus metus";"UAB "MEDICA KLINIKA"";68803.0;145.0;474.5;5.9
2016.0;"Uþ visus metus";"VÐÁ ÐEÐKINËS POLIKLINIKA";68278.0;123.0;555.1;5.6
2016.0;"Uþ visus metus";"UAB INMEDICA";48949.0;92.0;532.1;5.5
2016.0;"Uþ visus metus";"VÐÁ KAROLINIÐKIØ POLIKLINIKA";48240.0;98.0;492.2;5.5
2016.0;"Uþ visus metus";"VÐÁ KAUNO ÐILAINIØ POLIKLINIKA";47001.0;82.0;573.2;5.8
2016.0;"Uþ visus metus";"VÐÁ KAUNO M. POLIKLINIKA";46674.0;82.0;569.2;5.8
2016.0;"Uþ visus metus";"VÐÁ KËDAINIØ PIRMINËS SVEIKATOS PRIEÞIÛROS CENTRAS";44089.0;62.0;711.1;6.1
2017.0;"Sausis";"VÐÁ CENTRO POLIKLINIKA";15284.0;160.0;95.5;5.3
2017.0;"Sausis";"UAB "MEDICA KLINIKA"";11252.0;98.0;114.8;5.7
2017.0;"Sausis";"VÐÁ VILNIAUS RAJ. CENTRINË POLIKLINIKA";10259.0;71.0;144.5;5.6
2017.0;"Sausis";"VÐÁ ANTAKALNIO POLIKLINIKA";9828.0;120.0;81.9;5.3
2017.0;"Sausis";"VÐÁ ÐEÐKINËS POLIKLINIKA";9075.0;103.0;88.1;5.6
2017.0;"Sausis";"VÐÁ KAROLINIÐKIØ POLIKLINIKA";6746.0;85.0;79.4;5.4
2017.0;"Sausis";"UAB INMEDICA";6590.0;69.0;95.5;5.4
2017.0;"Sausis";"VÐÁ KAUNO M. POLIKLINIKA";6497.0;68.0;95.5;5.5
2017.0;"Sausis";"VÐÁ KLAIPËDOS M. POLIKLINIKA";5997.0;63.0;95.2;5.9
2017.0;"Sausis";"VÐÁ KAUNO ÐILAINIØ POLIKLINIKA";5736.0;62.0;92.5;5.6
2017.0;"Vasaris";"VÐÁ CENTRO POLIKLINIKA";11036.0;168.0;65.7;5.5
2017.0;"Vasaris";"UAB "MEDICA KLINIKA"";8896.0;94.0;94.6;5.8
2017.0;"Vasaris";"VÐÁ VILNIAUS RAJ. CENTRINË POLIKLINIKA";8140.0;70.0;116.3;5.7
2017.0;"Vasaris";"VÐÁ ANTAKALNIO POLIKLINIKA";6835.0;117.0;58.4;5.4
2017.0;"Vasaris";"VÐÁ ÐEÐKINËS POLIKLINIKA";6520.0;97.0;67.2;5.7
2017.0;"Vasaris";"VÐÁ KAUNO M. POLIKLINIKA";5015.0;68.0;73.8;5.8
2017.0;"Vasaris";"UAB INMEDICA";4904.0;72.0;68.1;5.5
2017.0;"Vasaris";"VÐÁ KAROLINIÐKIØ POLIKLINIKA";4807.0;80.0;60.1;5.6
2017.0;"Vasaris";"VÐÁ KAUNO ÐILAINIØ POLIKLINIKA";4693.0;62.0;75.7;5.8
2017.0;"Vasaris";"VÐÁ KLAIPËDOS M. POLIKLINIKA";4693.0;56.0;83.8;5.9
2017.0;"Kovas";"VÐÁ CENTRO POLIKLINIKA";10429.0;161.0;64.8;5.6
2017.0;"Kovas";"UAB "MEDICA KLINIKA"";8046.0;96.0;83.8;5.9
2017.0;"Kovas";"VÐÁ VILNIAUS RAJ. CENTRINË POLIKLINIKA";7630.0;69.0;110.6;5.8
2017.0;"Kovas";"VÐÁ ANTAKALNIO POLIKLINIKA";6798.0;115.0;59.1;5.4
2017.0;"Kovas";"VÐÁ ÐEÐKINËS POLIKLINIKA";6262.0;95.0;65.9;5.8
2017.0;"Kovas";"UAB INMEDICA";4769.0;71.0;67.2;5.5
2017.0;"Kovas";"VÐÁ KAROLINIÐKIØ POLIKLINIKA";4734.0;87.0;54.4;5.7
2017.0;"Kovas";"VÐÁ KAUNO M. POLIKLINIKA";4673.0;66.0;70.8;5.8
2017.0;"Kovas";"VÐÁ KAUNO ÐILAINIØ POLIKLINIKA";4410.0;63.0;70.0;5.9
2017.0;"Kovas";"VÐÁ KLAIPËDOS M. POLIKLINIKA";4211.0;58.0;72.6;6.1
2017.0;"Balandis";"VÐÁ CENTRO POLIKLINIKA";8130.0;161.0;50.5;5.5
2017.0;"Balandis";"UAB "MEDICA KLINIKA"";6881.0;99.0;69.5;5.9
2017.0;"Balandis";"VÐÁ VILNIAUS RAJ. CENTRINË POLIKLINIKA";6046.0;72.0;84.0;5.7
2017.0;"Balandis";"VÐÁ ANTAKALNIO POLIKLINIKA";5273.0;114.0;46.3;5.4
2017.0;"Balandis";"VÐÁ ÐEÐKINËS POLIKLINIKA";4795.0;96.0;49.9;5.7
2017.0;"Balandis";"VÐÁ KAROLINIÐKIØ POLIKLINIKA";3794.0;79.0;48.0;5.6
2017.0;"Balandis";"UAB INMEDICA";3757.0;68.0;55.3;5.5
2017.0;"Balandis";"VÐÁ KAUNO M. POLIKLINIKA";3643.0;67.0;54.4;5.8
2017.0;"Balandis";"VÐÁ KAUNO ÐILAINIØ POLIKLINIKA";3577.0;60.0;59.6;5.9
2017.0;"Balandis";"VÐÁ KLAIPËDOS M. POLIKLINIKA";3573.0;60.0;59.6;6.0
2017.0;"Geguþë";"VÐÁ CENTRO POLIKLINIKA";9099.0;164.0;55.5;5.5
2017.0;"Geguþë";"UAB "MEDICA KLINIKA"";7441.0;100.0;74.4;5.9
2017.0;"Geguþë";"VÐÁ VILNIAUS RAJ. CENTRINË POLIKLINIKA";6514.0;73.0;89.2;5.8
2017.0;"Geguþë";"VÐÁ ANTAKALNIO POLIKLINIKA";5551.0;120.0;46.3;5.4
2017.0;"Geguþë";"VÐÁ ÐEÐKINËS POLIKLINIKA";5135.0;98.0;52.4;5.7
2017.0;"Geguþë";"UAB INMEDICA";4152.0;71.0;58.5;5.5
2017.0;"Geguþë";"VÐÁ KAUNO M. POLIKLINIKA";4060.0;68.0;59.7;5.8
2017.0;"Geguþë";"VÐÁ KAUNO ÐILAINIØ POLIKLINIKA";3972.0;60.0;66.2;5.9
2017.0;"Geguþë";"VÐÁ KAROLINIÐKIØ POLIKLINIKA";3953.0;81.0;48.8;5.6
2017.0;"Geguþë";"VÐÁ KËDAINIØ PIRMINËS SVEIKATOS PRIEÞIÛROS CENTRAS";3840.0;53.0;72.5;6.2
2017.0;"Birþelis";"VÐÁ CENTRO POLIKLINIKA";7477.0;154.0;48.6;5.7
2017.0;"Birþelis";"UAB "MEDICA KLINIKA"";6529.0;100.0;65.3;6.1
2017.0;"Birþelis";"VÐÁ VILNIAUS RAJ. CENTRINË POLIKLINIKA";5505.0;71.0;77.5;6.0
2017.0;"Birþelis";"VÐÁ ANTAKALNIO POLIKLINIKA";4743.0;113.0;42.0;5.5
2017.0;"Birþelis";"VÐÁ ÐEÐKINËS POLIKLINIKA";4381.0;95.0;46.1;5.9
2017.0;"Birþelis";"VÐÁ KAUNO M. POLIKLINIKA";3524.0;66.0;53.4;6.0
2017.0;"Birþelis";"UAB INMEDICA";3488.0;69.0;50.6;5.7
2017.0;"Birþelis";"VÐÁ KAROLINIÐKIØ POLIKLINIKA";3338.0;76.0;43.9;5.7
2017.0;"Birþelis";"VÐÁ KËDAINIØ PIRMINËS SVEIKATOS PRIEÞIÛROS CENTRAS";3334.0;48.0;69.5;6.2
2017.0;"Birþelis";"LIETUVOS SVEIKATOS MOKSLØ UNIVERSITETO LIGONINË KAUNO KLINIKOS";3312.0;422.0;7.8;9.9
2017.0;"Liepa";"VÐÁ CENTRO POLIKLINIKA";6237.0;148.0;42.1;5.9
2017.0;"Liepa";"UAB "MEDICA KLINIKA"";5544.0;88.0;63.0;6.3
2017.0;"Liepa";"VÐÁ VILNIAUS RAJ. CENTRINË POLIKLINIKA";4835.0;65.0;74.4;6.0
2017.0;"Liepa";"VÐÁ ANTAKALNIO POLIKLINIKA";4061.0;107.0;38.0;5.8
2017.0;"Liepa";"VÐÁ ÐEÐKINËS POLIKLINIKA";3616.0;93.0;38.9;6.1
2017.0;"Liepa";"VÐÁ KËDAINIØ PIRMINËS SVEIKATOS PRIEÞIÛROS CENTRAS";3198.0;49.0;65.3;6.4
2017.0;"Liepa";"VÐÁ KAUNO M. POLIKLINIKA";2919.0;60.0;48.7;6.1
2017.0;"Liepa";"UAB INMEDICA";2783.0;69.0;40.3;5.9
2017.0;"Liepa";"VÐÁ KAROLINIÐKIØ POLIKLINIKA";2736.0;74.0;37.0;5.8
2017.0;"Liepa";"VÐÁ KAUNO ÐILAINIØ POLIKLINIKA";2708.0;57.0;47.5;6.1
2017.0;"Rugpjûtis";"VÐÁ CENTRO POLIKLINIKA";6489.0;148.0;43.8;5.8
2017.0;"Rugpjûtis";"UAB "MEDICA KLINIKA"";6056.0;90.0;67.3;6.3
2017.0;"Rugpjûtis";"VÐÁ VILNIAUS RAJ. CENTRINË POLIKLINIKA";5011.0;61.0;82.1;6.0
2017.0;"Rugpjûtis";"VÐÁ ANTAKALNIO POLIKLINIKA";4391.0;112.0;39.2;5.7
2017.0;"Rugpjûtis";"VÐÁ ÐEÐKINËS POLIKLINIKA";4080.0;96.0;42.5;6.0
2017.0;"Rugpjûtis";"VÐÁ KËDAINIØ PIRMINËS SVEIKATOS PRIEÞIÛROS CENTRAS";3459.0;46.0;75.2;6.3
2017.0;"Rugpjûtis";"VÐÁ KAUNO M. POLIKLINIKA";3373.0;64.0;52.7;6.2
2017.0;"Rugpjûtis";"UAB INMEDICA";3225.0;66.0;48.9;5.9
2017.0;"Rugpjûtis";"VÐÁ KAROLINIÐKIØ POLIKLINIKA";3014.0;73.0;41.3;5.9
2017.0;"Rugpjûtis";"VÐÁ KAUNO ÐILAINIØ POLIKLINIKA";2946.0;57.0;51.7;6.2
2017.0;"Rugsëjis";"VÐÁ CENTRO POLIKLINIKA";8737.0;157.0;55.6;5.5
2017.0;"Rugsëjis";"UAB "MEDICA KLINIKA"";7867.0;114.0;69.0;5.9
2017.0;"Rugsëjis";"VÐÁ VILNIAUS RAJ. CENTRINË POLIKLINIKA";6500.0;69.0;94.2;5.8
2017.0;"Rugsëjis";"VÐÁ ANTAKALNIO POLIKLINIKA";5942.0;115.0;51.7;5.3
2017.0;"Rugsëjis";"VÐÁ ÐEÐKINËS POLIKLINIKA";5358.0;95.0;56.4;5.7
2017.0;"Rugsëjis";"VÐÁ KAROLINIÐKIØ POLIKLINIKA";4299.0;84.0;51.2;5.5
2017.0;"Rugsëjis";"UAB INMEDICA";4220.0;67.0;63.0;5.5
2017.0;"Rugsëjis";"VÐÁ KAUNO M. POLIKLINIKA";4017.0;66.0;60.9;5.8
2017.0;"Rugsëjis";"VÐÁ KËDAINIØ PIRMINËS SVEIKATOS PRIEÞIÛROS CENTRAS";3623.0;54.0;67.1;6.1
2017.0;"Rugsëjis";"VÐÁ KAUNO ÐILAINIØ POLIKLINIKA";3507.0;60.0;58.5;5.9
2017.0;"Spalis";"VÐÁ CENTRO POLIKLINIKA";10185.0;163.0;62.5;5.4
2017.0;"Spalis";"UAB "MEDICA KLINIKA"";9806.0;120.0;81.7;5.8
2017.0;"Spalis";"VÐÁ VILNIAUS RAJ. CENTRINË POLIKLINIKA";7611.0;67.0;113.6;5.7
2017.0;"Spalis";"VÐÁ ANTAKALNIO POLIKLINIKA";6867.0;125.0;54.9;5.3
2017.0;"Spalis";"VÐÁ ÐEÐKINËS POLIKLINIKA";6246.0;97.0;64.4;5.6
2017.0;"Spalis";"VÐÁ KAROLINIÐKIØ POLIKLINIKA";5013.0;81.0;61.9;5.5
2017.0;"Spalis";"UAB INMEDICA";4891.0;65.0;75.2;5.5
2017.0;"Spalis";"VÐÁ KAUNO M. POLIKLINIKA";4510.0;68.0;66.3;5.8
2017.0;"Spalis";"VÐÁ KAUNO ÐILAINIØ POLIKLINIKA";4135.0;60.0;68.9;5.9
2017.0;"Spalis";"VÐÁ KËDAINIØ PIRMINËS SVEIKATOS PRIEÞIÛROS CENTRAS";4105.0;53.0;77.5;6.1
2017.0;"Lapkritis";"VÐÁ CENTRO POLIKLINIKA";8760.0;169.0;51.8;5.5
2017.0;"Lapkritis";"UAB "MEDICA KLINIKA"";8470.0;124.0;68.3;5.9
2017.0;"Lapkritis";"VÐÁ VILNIAUS RAJ. CENTRINË POLIKLINIKA";6646.0;70.0;94.9;5.7
2017.0;"Lapkritis";"VÐÁ ANTAKALNIO POLIKLINIKA";6293.0;118.0;53.3;5.4
2017.0;"Lapkritis";"VÐÁ ÐEÐKINËS POLIKLINIKA";5326.0;99.0;53.8;5.7
2017.0;"Lapkritis";"VÐÁ KAROLINIÐKIØ POLIKLINIKA";4614.0;85.0;54.3;5.6
2017.0;"Lapkritis";"UAB INMEDICA";4252.0;72.0;59.1;5.6
2017.0;"Lapkritis";"VÐÁ KAUNO M. POLIKLINIKA";4013.0;63.0;63.7;5.8
2017.0;"Lapkritis";"VÐÁ KËDAINIØ PIRMINËS SVEIKATOS PRIEÞIÛROS CENTRAS";3940.0;49.0;80.4;6.2
2017.0;"Lapkritis";"VÐÁ KAUNO ÐILAINIØ POLIKLINIKA";3678.0;62.0;59.3;6.0
2017.0;"Gruodis";"UAB "MEDICA KLINIKA"";9360.0;126.0;74.3;5.8
2017.0;"Gruodis";"VÐÁ CENTRO POLIKLINIKA";9043.0;154.0;58.7;5.5
2017.0;"Gruodis";"VÐÁ VILNIAUS RAJ. CENTRINË POLIKLINIKA";6691.0;61.0;109.7;5.7
2017.0;"Gruodis";"VÐÁ ANTAKALNIO POLIKLINIKA";6021.0;113.0;53.3;5.3
2017.0;"Gruodis";"VÐÁ ÐEÐKINËS POLIKLINIKA";5446.0;97.0;56.1;5.7
2017.0;"Gruodis";"VÐÁ KAROLINIÐKIØ POLIKLINIKA";4326.0;81.0;53.4;5.6
2017.0;"Gruodis";"UAB INMEDICA";4321.0;70.0;61.7;5.5
2017.0;"Gruodis";"VÐÁ KËDAINIØ PIRMINËS SVEIKATOS PRIEÞIÛROS CENTRAS";4064.0;53.0;76.7;6.1
2017.0;"Gruodis";"VÐÁ KAUNO M. POLIKLINIKA";3892.0;61.0;63.8;5.9
2017.0;"Gruodis";"VÐÁ KAUNO ÐILAINIØ POLIKLINIKA";3818.0;61.0;62.6;6.0
2017.0;"Uþ visus metus";"VÐÁ CENTRO POLIKLINIKA";110906.0;225.0;492.9;5.5
2017.0;"Uþ visus metus";"UAB "MEDICA KLINIKA"";96148.0;169.0;568.9;5.9
2017.0;"Uþ visus metus";"VÐÁ VILNIAUS RAJ. CENTRINË POLIKLINIKA";81388.0;94.0;865.8;5.8
2017.0;"Uþ visus metus";"VÐÁ ANTAKALNIO POLIKLINIKA";72603.0;151.0;480.8;5.4
2017.0;"Uþ visus metus";"VÐÁ ÐEÐKINËS POLIKLINIKA";66240.0;119.0;556.6;5.7
2017.0;"Uþ visus metus";"VÐÁ KAROLINIÐKIØ POLIKLINIKA";51374.0;106.0;484.7;5.6
2017.0;"Uþ visus metus";"UAB INMEDICA";51352.0;91.0;564.3;5.6
2017.0;"Uþ visus metus";"VÐÁ KAUNO M. POLIKLINIKA";50136.0;82.0;611.4;5.8
2017.0;"Uþ visus metus";"VÐÁ KËDAINIØ PIRMINËS SVEIKATOS PRIEÞIÛROS CENTRAS";46912.0;60.0;781.9;6.2
2017.0;"Uþ visus metus";"VÐÁ KAUNO ÐILAINIØ POLIKLINIKA";46339.0;77.0;601.8;5.9
2018.0;"Sausis";"VÐÁ KAUNO M. POLIKLINIKA";15684.0;237.0;66.2;6.2
2018.0;"Sausis";"VÐÁ CENTRO POLIKLINIKA";12953.0;155.0;83.6;5.7
2018.0;"Sausis";"UAB "MEDICA KLINIKA"";11958.0;123.0;97.2;6.3
2018.0;"Sausis";"VÐÁ VILNIAUS RAJ. CENTRINË POLIKLINIKA";8765.0;70.0;125.2;6.0
2018.0;"Sausis";"VÐÁ ANTAKALNIO POLIKLINIKA";8607.0;124.0;69.4;5.6
2018.0;"Sausis";"VÐÁ ÐEÐKINËS POLIKLINIKA";7842.0;95.0;82.5;6.1
2018.0;"Sausis";"VÐÁ KAROLINIÐKIØ POLIKLINIKA";5737.0;79.0;72.6;5.9
2018.0;"Sausis";"UAB INMEDICA";5736.0;74.0;77.5;5.7
2018.0;"Sausis";"VÐÁ ÐIAULIØ CENTRO POLIKLINIKA";5134.0;52.0;98.7;6.3
2018.0;"Sausis";"VÐÁ KËDAINIØ PIRMINËS SVEIKATOS PRIEÞIÛROS CENTRAS";4466.0;50.0;89.3;7.3
2018.0;"Vasaris";"VÐÁ KAUNO M. POLIKLINIKA";18204.0;235.0;77.5;6.3
2018.0;"Vasaris";"VÐÁ CENTRO POLIKLINIKA";12795.0;162.0;79.0;5.9
2018.0;"Vasaris";"UAB "MEDICA KLINIKA"";12437.0;123.0;101.1;6.5
2018.0;"Vasaris";"VÐÁ VILNIAUS RAJ. CENTRINË POLIKLINIKA";9460.0;67.0;141.2;6.2
2018.0;"Vasaris";"VÐÁ ANTAKALNIO POLIKLINIKA";8734.0;124.0;70.4;5.8
2018.0;"Vasaris";"VÐÁ ÐEÐKINËS POLIKLINIKA";7883.0;97.0;81.3;6.3
2018.0;"Vasaris";"UAB INMEDICA";6272.0;78.0;80.4;5.8
2018.0;"Vasaris";"VÐÁ KAROLINIÐKIØ POLIKLINIKA";5807.0;84.0;69.1;6.4
2018.0;"Vasaris";"VÐÁ ÐIAULIØ CENTRO POLIKLINIKA";5339.0;52.0;102.7;6.4
2018.0;"Vasaris";"VÐÁ ALYTAUS POLIKLINIKA";4950.0;56.0;88.4;6.4
2018.0;"Kovas";"VÐÁ KAUNO M. POLIKLINIKA";15712.0;233.0;67.4;6.5
2018.0;"Kovas";"VÐÁ CENTRO POLIKLINIKA";11079.0;161.0;68.8;6.1
2018.0;"Kovas";"UAB "MEDICA KLINIKA"";10546.0;122.0;86.4;7.0
2018.0;"Kovas";"VÐÁ VILNIAUS RAJ. CENTRINË POLIKLINIKA";8197.0;69.0;118.8;6.4
2018.0;"Kovas";"VÐÁ ANTAKALNIO POLIKLINIKA";7163.0;124.0;57.8;6.1
2018.0;"Kovas";"VÐÁ ÐEÐKINËS POLIKLINIKA";6402.0;98.0;65.3;6.5
2018.0;"Kovas";"UAB INMEDICA";5879.0;84.0;70.0;6.1
2018.0;"Kovas";"VÐÁ KAROLINIÐKIØ POLIKLINIKA";4975.0;78.0;63.8;6.7
2018.0;"Kovas";"VÐÁ ÐIAULIØ CENTRO POLIKLINIKA";4647.0;51.0;91.1;6.7
2018.0;"Kovas";"VÐÁ KLAIPËDOS M. POLIKLINIKA";4191.0;54.0;77.6;6.3
2018.0;"Balandis";"VÐÁ KAUNO M. POLIKLINIKA";9823.0;228.0;43.1;6.9
2018.0;"Balandis";"VÐÁ CENTRO POLIKLINIKA";7323.0;155.0;47.2;6.3
2018.0;"Balandis";"UAB "MEDICA KLINIKA"";6905.0;120.0;57.5;7.4
2018.0;"Balandis";"VÐÁ VILNIAUS RAJ. CENTRINË POLIKLINIKA";5417.0;64.0;84.6;6.6
2018.0;"Balandis";"VÐÁ ANTAKALNIO POLIKLINIKA";4813.0;127.0;37.9;6.4
2018.0;"Balandis";"VÐÁ ÐEÐKINËS POLIKLINIKA";4168.0;98.0;42.5;6.8
2018.0;"Balandis";"UAB INMEDICA";3844.0;80.0;48.1;6.2
2018.0;"Balandis";"VÐÁ KAROLINIÐKIØ POLIKLINIKA";3302.0;73.0;45.2;6.9
2018.0;"Balandis";"VÐÁ ÐIAULIØ CENTRO POLIKLINIKA";3165.0;51.0;62.1;6.8
2018.0;"Balandis";"LIETUVOS SVEIKATOS MOKSLØ UNIVERSITETO LIGONINË KAUNO KLINIKOS";2793.0;421.0;6.6;10.0
2018.0;"Geguþë";"VÐÁ KAUNO M. POLIKLINIKA";10643.0;230.0;46.3;7.2
2018.0;"Geguþë";"VÐÁ CENTRO POLIKLINIKA";7380.0;166.0;44.5;6.6
2018.0;"Geguþë";"UAB "MEDICA KLINIKA"";7192.0;120.0;59.9;7.6
2018.0;"Geguþë";"VÐÁ VILNIAUS RAJ. CENTRINË POLIKLINIKA";5878.0;67.0;87.7;6.8
2018.0;"Geguþë";"VÐÁ ANTAKALNIO POLIKLINIKA";5096.0;129.0;39.5;6.5
2018.0;"Geguþë";"VÐÁ ÐEÐKINËS POLIKLINIKA";4267.0;94.0;45.4;7.0
2018.0;"Geguþë";"UAB INMEDICA";4025.0;84.0;47.9;6.4
2018.0;"Geguþë";"VÐÁ KAROLINIÐKIØ POLIKLINIKA";3319.0;74.0;44.9;7.1
2018.0;"Geguþë";"LIETUVOS SVEIKATOS MOKSLØ UNIVERSITETO LIGONINË KAUNO KLINIKOS";3242.0;433.0;7.5;10.8
2018.0;"Geguþë";"VÐÁ ÐIAULIØ CENTRO POLIKLINIKA";3226.0;48.0;67.2;7.6
2018.0;"Birþelis";"VÐÁ KAUNO M. POLIKLINIKA";9000.0;239.0;37.7;7.3
2018.0;"Birþelis";"UAB "MEDICA KLINIKA"";6419.0;123.0;52.2;7.8
2018.0;"Birþelis";"VÐÁ CENTRO POLIKLINIKA";6023.0;149.0;40.4;6.8
2018.0;"Birþelis";"VÐÁ VILNIAUS RAJ. CENTRINË POLIKLINIKA";4703.0;60.0;78.4;6.9
2018.0;"Birþelis";"VÐÁ ANTAKALNIO POLIKLINIKA";4186.0;125.0;33.5;6.6
2018.0;"Birþelis";"UAB INMEDICA";3603.0;84.0;42.9;6.8
2018.0;"Birþelis";"VÐÁ ÐEÐKINËS POLIKLINIKA";3518.0;91.0;38.7;7.1
2018.0;"Birþelis";"LIETUVOS SVEIKATOS MOKSLØ UNIVERSITETO LIGONINË KAUNO KLINIKOS";3023.0;447.0;6.8;10.4
2018.0;"Birþelis";"VÐÁ KAROLINIÐKIØ POLIKLINIKA";2829.0;75.0;37.7;7.2
2018.0;"Birþelis";"VÐÁ ÐIAULIØ CENTRO POLIKLINIKA";2638.0;52.0;50.7;7.4
2018.0;"Liepa";"VÐÁ KAUNO M. POLIKLINIKA";8164.0;225.0;36.3;7.9
2018.0;"Liepa";"UAB "MEDICA KLINIKA"";5910.0;121.0;48.8;8.2
2018.0;"Liepa";"VÐÁ CENTRO POLIKLINIKA";5333.0;147.0;36.3;7.2
2018.0;"Liepa";"VÐÁ VILNIAUS RAJ. CENTRINË POLIKLINIKA";4325.0;66.0;65.5;7.3
2018.0;"Liepa";"VÐÁ ANTAKALNIO POLIKLINIKA";3577.0;123.0;29.1;7.0
2018.0;"Liepa";"UAB INMEDICA";3247.0;81.0;40.1;7.0
2018.0;"Liepa";"VÐÁ ÐEÐKINËS POLIKLINIKA";3029.0;93.0;32.6;7.6
2018.0;"Liepa";"LIETUVOS SVEIKATOS MOKSLØ UNIVERSITETO LIGONINË KAUNO KLINIKOS";2815.0;413.0;6.8;10.7
2018.0;"Liepa";"VÐÁ KAROLINIÐKIØ POLIKLINIKA";2333.0;76.0;30.7;7.8
2018.0;"Liepa";"VÐÁ VU LIGONINË SANTAROS KLINIKOS";2310.0;410.0;5.6;10.1
2018.0;"Rugpjûtis";"VÐÁ KAUNO M. POLIKLINIKA";8018.0;219.0;36.6;8.0
2018.0;"Rugpjûtis";"UAB "MEDICA KLINIKA"";6111.0;125.0;48.9;8.2
2018.0;"Rugpjûtis";"VÐÁ CENTRO POLIKLINIKA";5660.0;152.0;37.2;7.1
2018.0;"Rugpjûtis";"VÐÁ VILNIAUS RAJ. CENTRINË POLIKLINIKA";4494.0;70.0;64.2;7.2
2018.0;"Rugpjûtis";"VÐÁ ANTAKALNIO POLIKLINIKA";3759.0;116.0;32.4;7.0
2018.0;"Rugpjûtis";"UAB INMEDICA";3212.0;83.0;38.7;7.3
2018.0;"Rugpjûtis";"VÐÁ ÐEÐKINËS POLIKLINIKA";2960.0;93.0;31.8;7.7
2018.0;"Rugpjûtis";"VÐÁ KAROLINIÐKIØ POLIKLINIKA";2543.0;80.0;31.8;8.0
2018.0;"Rugpjûtis";"LIETUVOS SVEIKATOS MOKSLØ UNIVERSITETO LIGONINË KAUNO KLINIKOS";2511.0;407.0;6.2;10.9
2018.0;"Rugpjûtis";"VÐÁ VU LIGONINË SANTAROS KLINIKOS";2389.0;411.0;5.8;9.9
2018.0;"Rugsëjis";"VÐÁ KAUNO M. POLIKLINIKA";9059.0;221.0;41.0;7.3
2018.0;"Rugsëjis";"UAB "MEDICA KLINIKA"";6527.0;127.0;51.4;7.5
2018.0;"Rugsëjis";"VÐÁ CENTRO POLIKLINIKA";6507.0;157.0;41.4;6.6
2018.0;"Rugsëjis";"VÐÁ VILNIAUS RAJ. CENTRINË POLIKLINIKA";4802.0;65.0;73.9;6.8
2018.0;"Rugsëjis";"VÐÁ ANTAKALNIO POLIKLINIKA";4549.0;121.0;37.6;6.2
2018.0;"Rugsëjis";"VÐÁ ÐEÐKINËS POLIKLINIKA";3727.0;97.0;38.4;6.9
2018.0;"Rugsëjis";"UAB INMEDICA";3632.0;85.0;42.7;6.3
2018.0;"Rugsëjis";"VÐÁ KAROLINIÐKIØ POLIKLINIKA";2848.0;83.0;34.3;6.9
2018.0;"Rugsëjis";"LIETUVOS SVEIKATOS MOKSLØ UNIVERSITETO LIGONINË KAUNO KLINIKOS";2699.0;431.0;6.3;10.4
2018.0;"Rugsëjis";"VÐÁ ÐIAULIØ CENTRO POLIKLINIKA";2686.0;52.0;51.7;7.1
2018.0;"Spalis";"VÐÁ KAUNO M. POLIKLINIKA";13660.0;234.0;58.4;7.1
2018.0;"Spalis";"VÐÁ CENTRO POLIKLINIKA";10064.0;165.0;61.0;6.5
2018.0;"Spalis";"UAB "MEDICA KLINIKA"";9638.0;128.0;75.3;7.3
2018.0;"Spalis";"VÐÁ VILNIAUS RAJ. CENTRINË POLIKLINIKA";7242.0;69.0;105.0;6.8
2018.0;"Spalis";"VÐÁ ANTAKALNIO POLIKLINIKA";6852.0;129.0;53.1;6.3
2018.0;"Spalis";"VÐÁ ÐEÐKINËS POLIKLINIKA";5718.0;93.0;61.5;6.8
2018.0;"Spalis";"UAB INMEDICA";5339.0;88.0;60.7;6.2
2018.0;"Spalis";"VÐÁ KAROLINIÐKIØ POLIKLINIKA";4644.0;87.0;53.4;6.9
2018.0;"Spalis";"VÐÁ ÐIAULIØ CENTRO POLIKLINIKA";4205.0;53.0;79.3;7.3
2018.0;"Spalis";"LIETUVOS SVEIKATOS MOKSLØ UNIVERSITETO LIGONINË KAUNO KLINIKOS";3935.0;455.0;8.6;10.5
2018.0;"Lapkritis";"VÐÁ KAUNO M. POLIKLINIKA";11538.0;229.0;50.4;7.1
2018.0;"Lapkritis";"VÐÁ CENTRO POLIKLINIKA";8345.0;164.0;50.9;6.4
2018.0;"Lapkritis";"UAB "MEDICA KLINIKA"";7805.0;122.0;64.0;7.3
2018.0;"Lapkritis";"VÐÁ ANTAKALNIO POLIKLINIKA";5931.0;124.0;47.8;6.1
2018.0;"Lapkritis";"VÐÁ VILNIAUS RAJ. CENTRINË POLIKLINIKA";5822.0;71.0;82.0;6.8
2018.0;"Lapkritis";"VÐÁ ÐEÐKINËS POLIKLINIKA";5006.0;92.0;54.4;6.8
2018.0;"Lapkritis";"UAB INMEDICA";4861.0;87.0;55.9;6.3
2018.0;"Lapkritis";"VÐÁ KAROLINIÐKIØ POLIKLINIKA";3887.0;87.0;44.7;6.9
2018.0;"Lapkritis";"VÐÁ ÐIAULIØ CENTRO POLIKLINIKA";3374.0;52.0;64.9;7.4
2018.0;"Lapkritis";"LIETUVOS SVEIKATOS MOKSLØ UNIVERSITETO LIGONINË KAUNO KLINIKOS";3225.0;446.0;7.2;10.4
2018.0;"Gruodis";"VÐÁ KAUNO M. POLIKLINIKA";12602.0;219.0;57.5;7.3
2018.0;"Gruodis";"VÐÁ CENTRO POLIKLINIKA";8892.0;169.0;52.6;6.6
2018.0;"Gruodis";"UAB "MEDICA KLINIKA"";8772.0;118.0;74.3;7.5
2018.0;"Gruodis";"VÐÁ VILNIAUS RAJ. CENTRINË POLIKLINIKA";6358.0;72.0;88.3;7.1
2018.0;"Gruodis";"VÐÁ ANTAKALNIO POLIKLINIKA";6019.0;124.0;48.5;6.4
2018.0;"Gruodis";"VÐÁ ÐEÐKINËS POLIKLINIKA";5063.0;92.0;55.0;7.0
2018.0;"Gruodis";"UAB INMEDICA";5016.0;88.0;57.0;6.3
2018.0;"Gruodis";"VÐÁ KAROLINIÐKIØ POLIKLINIKA";4115.0;83.0;49.6;7.4
2018.0;"Gruodis";"VÐÁ ÐIAULIØ CENTRO POLIKLINIKA";3536.0;53.0;66.7;7.3
2018.0;"Gruodis";"VÐÁ ALYTAUS POLIKLINIKA";3428.0;56.0;61.2;7.2
2018.0;"Uþ visus metus";"VÐÁ KAUNO M. POLIKLINIKA";142107.0;293.0;485.0;7.0
2018.0;"Uþ visus metus";"VÐÁ CENTRO POLIKLINIKA";102354.0;228.0;448.9;6.4
2018.0;"Uþ visus metus";"UAB "MEDICA KLINIKA"";100220.0;161.0;622.5;7.2
2018.0;"Uþ visus metus";"VÐÁ VILNIAUS RAJ. CENTRINË POLIKLINIKA";75463.0;90.0;838.5;6.6
2018.0;"Uþ visus metus";"VÐÁ ANTAKALNIO POLIKLINIKA";69286.0;164.0;422.5;6.2
2018.0;"Uþ visus metus";"VÐÁ ÐEÐKINËS POLIKLINIKA";59583.0;119.0;500.7;6.7
2018.0;"Uþ visus metus";"UAB INMEDICA";54666.0;111.0;492.5;6.3
2018.0;"Uþ visus metus";"VÐÁ KAROLINIÐKIØ POLIKLINIKA";46339.0;115.0;402.9;6.9
2018.0;"Uþ visus metus";"VÐÁ ÐIAULIØ CENTRO POLIKLINIKA";42510.0;58.0;732.9;7.1
2018.0;"Uþ visus metus";"LIETUVOS SVEIKATOS MOKSLØ UNIVERSITETO LIGONINË KAUNO KLINIKOS";38638.0;588.0;65.7;10.3
2019.0;"Sausis";"VÐÁ KAUNO M. POLIKLINIKA";15835.0;230.0;68.8;6.7
2019.0;"Sausis";"VÐÁ CENTRO POLIKLINIKA";13115.0;165.0;79.5;6.1
2019.0;"Sausis";"UAB "MEDICA KLINIKA"";11926.0;120.0;99.4;6.8
2019.0;"Sausis";"VÐÁ ANTAKALNIO POLIKLINIKA";9332.0;126.0;74.1;5.8
2019.0;"Sausis";"VÐÁ VILNIAUS RAJ. CENTRINË POLIKLINIKA";9001.0;66.0;136.4;6.5
2019.0;"Sausis";"VÐÁ ÐEÐKINËS POLIKLINIKA";7881.0;88.0;89.6;6.5
2019.0;"Sausis";"UAB INMEDICA";6869.0;89.0;77.2;5.8
2019.0;"Sausis";"VÐÁ KAROLINIÐKIØ POLIKLINIKA";6118.0;85.0;72.0;6.6
2019.0;"Sausis";"VÐÁ ÐIAULIØ CENTRO POLIKLINIKA";4528.0;54.0;83.9;7.0
2019.0;"Sausis";"VÐÁ KLAIPËDOS M. POLIKLINIKA";4189.0;50.0;83.8;6.6
2019.0;"Vasaris";"VÐÁ KAUNO M. POLIKLINIKA";13833.0;234.0;59.1;6.8
2019.0;"Vasaris";"VÐÁ CENTRO POLIKLINIKA";10524.0;164.0;64.2;6.1
2019.0;"Vasaris";"UAB "MEDICA KLINIKA"";10310.0;114.0;90.4;6.8
2019.0;"Vasaris";"VÐÁ ANTAKALNIO POLIKLINIKA";7405.0;125.0;59.2;5.9
2019.0;"Vasaris";"VÐÁ VILNIAUS RAJ. CENTRINË POLIKLINIKA";7363.0;69.0;106.7;6.6
2019.0;"Vasaris";"VÐÁ ÐEÐKINËS POLIKLINIKA";6327.0;91.0;69.5;6.5
2019.0;"Vasaris";"UAB INMEDICA";6030.0;91.0;66.3;6.0
2019.0;"Vasaris";"VÐÁ KAROLINIÐKIØ POLIKLINIKA";4743.0;80.0;59.3;6.6
2019.0;"Vasaris";"VÐÁ ÐIAULIØ CENTRO POLIKLINIKA";4229.0;55.0;76.9;7.0
2019.0;"Vasaris";"VÐÁ KLAIPËDOS M. POLIKLINIKA";3909.0;50.0;78.2;6.6
2019.0;"Kovas";"VÐÁ KAUNO M. POLIKLINIKA";10433.0;232.0;45.0;7.3
2019.0;"Kovas";"VÐÁ CENTRO POLIKLINIKA";7591.0;171.0;44.4;6.5
2019.0;"Kovas";"UAB "MEDICA KLINIKA"";7573.0;119.0;63.6;7.5
2019.0;"Kovas";"VÐÁ ANTAKALNIO POLIKLINIKA";5440.0;131.0;41.5;6.2
2019.0;"Kovas";"VÐÁ VILNIAUS RAJ. CENTRINË POLIKLINIKA";5330.0;68.0;78.4;6.9
2019.0;"Kovas";"VÐÁ ÐEÐKINËS POLIKLINIKA";4543.0;98.0;46.4;7.0
2019.0;"Kovas";"UAB INMEDICA";4412.0;95.0;46.4;6.4
2019.0;"Kovas";"VÐÁ KAROLINIÐKIØ POLIKLINIKA";3369.0;76.0;44.3;7.3
2019.0;"Kovas";"LIETUVOS SVEIKATOS MOKSLØ UNIVERSITETO LIGONINË KAUNO KLINIKOS";3311.0;445.0;7.4;10.6
2019.0;"Kovas";"VÐÁ ÐIAULIØ CENTRO POLIKLINIKA";3098.0;53.0;58.5;7.4
2019.0;"Balandis";"VÐÁ KAUNO M. POLIKLINIKA";10356.0;230.0;45.0;7.4
2019.0;"Balandis";"VÐÁ CENTRO POLIKLINIKA";7428.0;171.0;43.4;6.6
2019.0;"Balandis";"UAB "MEDICA KLINIKA"";7356.0;121.0;60.8;7.4
2019.0;"Balandis";"VÐÁ VILNIAUS RAJ. CENTRINË POLIKLINIKA";5281.0;66.0;80.0;6.9
2019.0;"Balandis";"VÐÁ ANTAKALNIO POLIKLINIKA";5237.0;130.0;40.3;6.2
2019.0;"Balandis";"VÐÁ ÐEÐKINËS POLIKLINIKA";4495.0;98.0;45.9;6.9
2019.0;"Balandis";"UAB INMEDICA";4305.0;89.0;48.4;6.5
2019.0;"Balandis";"VÐÁ KAROLINIÐKIØ POLIKLINIKA";3333.0;83.0;40.2;7.1
2019.0;"Balandis";"VÐÁ ÐIAULIØ CENTRO POLIKLINIKA";3242.0;54.0;60.0;7.5
2019.0;"Balandis";"LIETUVOS SVEIKATOS MOKSLØ UNIVERSITETO LIGONINË KAUNO KLINIKOS";3190.0;466.0;6.8;10.4
2019.0;"Geguþë";"VÐÁ KAUNO M. POLIKLINIKA";9268.0;223.0;41.6;7.6
2019.0;"Geguþë";"UAB "MEDICA KLINIKA"";6811.0;123.0;55.4;7.7
2019.0;"Geguþë";"VÐÁ CENTRO POLIKLINIKA";6641.0;160.0;41.5;6.6
2019.0;"Geguþë";"VÐÁ VILNIAUS RAJ. CENTRINË POLIKLINIKA";5124.0;63.0;81.3;7.1
2019.0;"Geguþë";"VÐÁ ANTAKALNIO POLIKLINIKA";4718.0;128.0;36.9;6.3
2019.0;"Geguþë";"VÐÁ ÐEÐKINËS POLIKLINIKA";4130.0;97.0;42.6;7.1
2019.0;"Geguþë";"UAB INMEDICA";3930.0;93.0;42.3;6.5
2019.0;"Geguþë";"VÐÁ KAROLINIÐKIØ POLIKLINIKA";3227.0;83.0;38.9;7.1
2019.0;"Geguþë";"LIETUVOS SVEIKATOS MOKSLØ UNIVERSITETO LIGONINË KAUNO KLINIKOS";3154.0;447.0;7.1;10.5
2019.0;"Geguþë";"VÐÁ VU LIGONINË SANTAROS KLINIKOS";2895.0;470.0;6.2;9.0
2019.0;"Birþelis";"VÐÁ KAUNO M. POLIKLINIKA";7578.0;222.0;34.1;7.9
2019.0;"Birþelis";"UAB "MEDICA KLINIKA"";5465.0;122.0;44.8;8.0
2019.0;"Birþelis";"VÐÁ CENTRO POLIKLINIKA";5210.0;160.0;32.6;6.9
2019.0;"Birþelis";"VÐÁ VILNIAUS RAJ. CENTRINË POLIKLINIKA";4071.0;66.0;61.7;7.4
2019.0;"Birþelis";"VÐÁ ANTAKALNIO POLIKLINIKA";3647.0;125.0;29.2;6.5
2019.0;"Birþelis";"UAB INMEDICA";3088.0;90.0;34.3;6.8
2019.0;"Birþelis";"VÐÁ ÐEÐKINËS POLIKLINIKA";3055.0;93.0;32.8;7.5
2019.0;"Birþelis";"LIETUVOS SVEIKATOS MOKSLØ UNIVERSITETO LIGONINË KAUNO KLINIKOS";2727.0;418.0;6.5;10.3
2019.0;"Birþelis";"VÐÁ KAROLINIÐKIØ POLIKLINIKA";2467.0;77.0;32.0;7.5
2019.0;"Birþelis";"VÐÁ VU LIGONINË SANTAROS KLINIKOS";2466.0;429.0;5.7;9.4
2019.0;"Liepa";"VÐÁ KAUNO M. POLIKLINIKA";7475.0;217.0;34.4;8.3
2019.0;"Liepa";"UAB "MEDICA KLINIKA"";5704.0;119.0;47.9;8.3
2019.0;"Liepa";"VÐÁ CENTRO POLIKLINIKA";5257.0;146.0;36.0;7.3
2019.0;"Liepa";"VÐÁ VILNIAUS RAJ. CENTRINË POLIKLINIKA";4069.0;68.0;59.8;7.7
2019.0;"Liepa";"VÐÁ ANTAKALNIO POLIKLINIKA";3737.0;116.0;32.2;6.8
2019.0;"Liepa";"VÐÁ ÐEÐKINËS POLIKLINIKA";3171.0;95.0;33.4;7.7
2019.0;"Liepa";"UAB INMEDICA";3056.0;88.0;34.7;7.4
2019.0;"Liepa";"LIETUVOS SVEIKATOS MOKSLØ UNIVERSITETO LIGONINË KAUNO KLINIKOS";2714.0;414.0;6.6;10.6
2019.0;"Liepa";"VÐÁ KAROLINIÐKIØ POLIKLINIKA";2392.0;70.0;34.2;8.1
2019.0;"Liepa";"VÐÁ VU LIGONINË SANTAROS KLINIKOS";2294.0;411.0;5.6;10.2
2019.0;"Rugpjûtis";"VÐÁ KAUNO M. POLIKLINIKA";6781.0;217.0;31.2;8.3
2019.0;"Rugpjûtis";"UAB "MEDICA KLINIKA"";5600.0;119.0;47.1;8.6
2019.0;"Rugpjûtis";"VÐÁ CENTRO POLIKLINIKA";4682.0;151.0;31.0;7.4
2019.0;"Rugpjûtis";"VÐÁ VILNIAUS RAJ. CENTRINË POLIKLINIKA";3783.0;63.0;60.0;7.9
2019.0;"Rugpjûtis";"VÐÁ ANTAKALNIO POLIKLINIKA";3540.0;115.0;30.8;6.8
2019.0;"Rugpjûtis";"VÐÁ ÐEÐKINËS POLIKLINIKA";2974.0;91.0;32.7;8.0
2019.0;"Rugpjûtis";"UAB INMEDICA";2807.0;88.0;31.9;7.6
2019.0;"Rugpjûtis";"LIETUVOS SVEIKATOS MOKSLØ UNIVERSITETO LIGONINË KAUNO KLINIKOS";2522.0;416.0;6.1;11.2
2019.0;"Rugpjûtis";"VÐÁ KAROLINIÐKIØ POLIKLINIKA";2346.0;82.0;28.6;8.3
2019.0;"Rugpjûtis";"VÐÁ VU LIGONINË SANTAROS KLINIKOS";2271.0;432.0;5.3;10.1
2019.0;"Rugsëjis";"VÐÁ KAUNO M. POLIKLINIKA";8631.0;221.0;39.1;7.5
2019.0;"Rugsëjis";"UAB "MEDICA KLINIKA"";6809.0;122.0;55.8;7.5
2019.0;"Rugsëjis";"VÐÁ CENTRO POLIKLINIKA";6552.0;147.0;44.6;6.6
2019.0;"Rugsëjis";"VÐÁ ANTAKALNIO POLIKLINIKA";4819.0;126.0;38.2;6.2
2019.0;"Rugsëjis";"VÐÁ VILNIAUS RAJ. CENTRINË POLIKLINIKA";4772.0;65.0;73.4;7.2
2019.0;"Rugsëjis";"VÐÁ ÐEÐKINËS POLIKLINIKA";4025.0;98.0;41.1;6.9
2019.0;"Rugsëjis";"UAB INMEDICA";3727.0;98.0;38.0;6.6
2019.0;"Rugsëjis";"VÐÁ KAROLINIÐKIØ POLIKLINIKA";3307.0;87.0;38.0;7.1
2019.0;"Rugsëjis";"LIETUVOS SVEIKATOS MOKSLØ UNIVERSITETO LIGONINË KAUNO KLINIKOS";2864.0;437.0;6.6;10.3
2019.0;"Rugsëjis";"VÐÁ ÐIAULIØ CENTRO POLIKLINIKA";2791.0;53.0;52.7;7.6
2019.0;"Spalis";"VÐÁ KAUNO M. POLIKLINIKA";10327.0;227.0;45.5;7.3
2019.0;"Spalis";"UAB "MEDICA KLINIKA"";8340.0;126.0;66.2;7.5
2019.0;"Spalis";"VÐÁ CENTRO POLIKLINIKA";7614.0;158.0;48.2;6.6
2019.0;"Spalis";"VÐÁ ANTAKALNIO POLIKLINIKA";5895.0;133.0;44.3;6.2
2019.0;"Spalis";"VÐÁ VILNIAUS RAJ. CENTRINË POLIKLINIKA";5557.0;70.0;79.4;7.2
2019.0;"Spalis";"UAB INMEDICA";4794.0;97.0;49.4;6.3
2019.0;"Spalis";"VÐÁ ÐEÐKINËS POLIKLINIKA";4752.0;101.0;47.0;7.0
2019.0;"Spalis";"VÐÁ KAROLINIÐKIØ POLIKLINIKA";3801.0;84.0;45.3;6.9
2019.0;"Spalis";"VÐÁ ÐIAULIØ CENTRO POLIKLINIKA";3323.0;52.0;63.9;7.3
2019.0;"Spalis";"LIETUVOS SVEIKATOS MOKSLØ UNIVERSITETO LIGONINË KAUNO KLINIKOS";3213.0;454.0;7.1;10.4
2019.0;"Lapkritis";"VÐÁ KAUNO M. POLIKLINIKA";8910.0;218.0;40.9;7.2
2019.0;"Lapkritis";"UAB "MEDICA KLINIKA"";7270.0;126.0;57.7;7.6
2019.0;"Lapkritis";"VÐÁ CENTRO POLIKLINIKA";6668.0;157.0;42.5;6.4
2019.0;"Lapkritis";"VÐÁ ANTAKALNIO POLIKLINIKA";4948.0;126.0;39.3;6.2
2019.0;"Lapkritis";"VÐÁ VILNIAUS RAJ. CENTRINË POLIKLINIKA";4805.0;67.0;71.7;7.0
2019.0;"Lapkritis";"UAB INMEDICA";4122.0;102.0;40.4;6.3
2019.0;"Lapkritis";"VÐÁ ÐEÐKINËS POLIKLINIKA";4068.0;96.0;42.4;6.9
2019.0;"Lapkritis";"VÐÁ KAROLINIÐKIØ POLIKLINIKA";3232.0;78.0;41.4;6.9
2019.0;"Lapkritis";"LIETUVOS SVEIKATOS MOKSLØ UNIVERSITETO LIGONINË KAUNO KLINIKOS";3061.0;460.0;6.7;10.3
2019.0;"Lapkritis";"VÐÁ VU LIGONINË SANTAROS KLINIKOS";2822.0;466.0;6.1;9.4
2019.0;"Gruodis";"VÐÁ KAUNO M. POLIKLINIKA";8585.0;214.0;40.1;7.6
2019.0;"Gruodis";"UAB "MEDICA KLINIKA"";7054.0;123.0;57.3;8.3
2019.0;"Gruodis";"VÐÁ CENTRO POLIKLINIKA";6162.0;146.0;42.2;7.0
2019.0;"Gruodis";"VÐÁ ANTAKALNIO POLIKLINIKA";4896.0;125.0;39.2;6.5
2019.0;"Gruodis";"VÐÁ VILNIAUS RAJ. CENTRINË POLIKLINIKA";4646.0;67.0;69.3;7.6
2019.0;"Gruodis";"VÐÁ ÐEÐKINËS POLIKLINIKA";4119.0;94.0;43.8;7.3
2019.0;"Gruodis";"UAB INMEDICA";4034.0;102.0;39.5;6.8
2019.0;"Gruodis";"VÐÁ KAROLINIÐKIØ POLIKLINIKA";3036.0;84.0;36.1;7.1
2019.0;"Gruodis";"LIETUVOS SVEIKATOS MOKSLØ UNIVERSITETO LIGONINË KAUNO KLINIKOS";2756.0;453.0;6.1;11.0
2019.0;"Gruodis";"VÐÁ ÐIAULIØ CENTRO POLIKLINIKA";2617.0;52.0;50.3;8.0
2019.0;"Uþ visus metus";"VÐÁ KAUNO M. POLIKLINIKA";118012.0;299.0;394.7;7.4
2019.0;"Uþ visus metus";"UAB "MEDICA KLINIKA"";90218.0;155.0;582.1;7.6
2019.0;"Uþ visus metus";"VÐÁ CENTRO POLIKLINIKA";87444.0;222.0;393.9;6.6
2019.0;"Uþ visus metus";"VÐÁ VILNIAUS RAJ. CENTRINË POLIKLINIKA";63802.0;87.0;733.4;7.1
2019.0;"Uþ visus metus";"VÐÁ ANTAKALNIO POLIKLINIKA";63614.0;173.0;367.7;6.2
2019.0;"Uþ visus metus";"VÐÁ ÐEÐKINËS POLIKLINIKA";53540.0;128.0;418.3;7.0
2019.0;"Uþ visus metus";"UAB INMEDICA";51174.0;127.0;402.9;6.5
2019.0;"Uþ visus metus";"VÐÁ KAROLINIÐKIØ POLIKLINIKA";41371.0;121.0;341.9;7.1
2019.0;"Uþ visus metus";"LIETUVOS SVEIKATOS MOKSLØ UNIVERSITETO LIGONINË KAUNO KLINIKOS";36291.0;608.0;59.7;10.5
2019.0;"Uþ visus metus";"VÐÁ ÐIAULIØ CENTRO POLIKLINIKA";35979.0;61.0;589.8;7.5
2020.0;"Sausis";"VÐÁ KAUNO M. POLIKLINIKA";11125.0;220.0;50.6;7.0
2020.0;"Sausis";"UAB "MEDICA KLINIKA"";9228.0;123.0;75.0;7.5
2020.0;"Sausis";"VÐÁ CENTRO POLIKLINIKA";8410.0;160.0;52.6;6.5
2020.0;"Sausis";"VÐÁ ANTAKALNIO POLIKLINIKA";6324.0;127.0;49.8;6.2
2020.0;"Sausis";"VÐÁ VILNIAUS RAJ. CENTRINË POLIKLINIKA";6110.0;66.0;92.6;7.2
2020.0;"Sausis";"UAB INMEDICA";5348.0;106.0;50.5;6.4
2020.0;"Sausis";"VÐÁ ÐEÐKINËS POLIKLINIKA";5330.0;101.0;52.8;7.0
2020.0;"Sausis";"VÐÁ KAROLINIÐKIØ POLIKLINIKA";4103.0;77.0;53.3;7.5
2020.0;"Sausis";"VÐÁ ÐIAULIØ CENTRO POLIKLINIKA";3473.0;48.0;72.4;7.5
2020.0;"Sausis";"LIETUVOS SVEIKATOS MOKSLØ UNIVERSITETO LIGONINË KAUNO KLINIKOS";3342.0;459.0;7.3;10.2
2020.0;"Vasaris";"VÐÁ KAUNO M. POLIKLINIKA";11075.0;223.0;49.7;6.9
2020.0;"Vasaris";"UAB "MEDICA KLINIKA"";8962.0;122.0;73.5;7.4
2020.0;"Vasaris";"VÐÁ CENTRO POLIKLINIKA";8889.0;161.0;55.2;6.3
2020.0;"Vasaris";"VÐÁ ANTAKALNIO POLIKLINIKA";6652.0;125.0;53.2;6.0
2020.0;"Vasaris";"VÐÁ VILNIAUS RAJ. CENTRINË POLIKLINIKA";6253.0;67.0;93.3;7.0
2020.0;"Vasaris";"VÐÁ ÐEÐKINËS POLIKLINIKA";5525.0;101.0;54.7;6.8
2020.0;"Vasaris";"UAB INMEDICA";5463.0;106.0;51.5;6.3
2020.0;"Vasaris";"VÐÁ KAROLINIÐKIØ POLIKLINIKA";4344.0;79.0;55.0;6.7
2020.0;"Vasaris";"VÐÁ ÐIAULIØ CENTRO POLIKLINIKA";3582.0;51.0;70.2;7.2
2020.0;"Vasaris";"LIETUVOS SVEIKATOS MOKSLØ UNIVERSITETO LIGONINË KAUNO KLINIKOS";3331.0;470.0;7.1;9.9
2020.0;"Kovas";"LIETUVOS SVEIKATOS MOKSLØ UNIVERSITETO LIGONINË KAUNO KLINIKOS";1.0;1.0;1.0;2.0
2020.0;"Kovas";"VÐÁ UKMERGËS LIGONINË";1.0;1.0;1.0;4.0
2020.0;"Uþ visus metus";"VÐÁ KAUNO M. POLIKLINIKA";22200.0;236.0;94.1;6.9
2020.0;"Uþ visus metus";"UAB "MEDICA KLINIKA"";18190.0;128.0;142.1;7.5
2020.0;"Uþ visus metus";"VÐÁ CENTRO POLIKLINIKA";17299.0;178.0;97.2;6.4
2020.0;"Uþ visus metus";"VÐÁ ANTAKALNIO POLIKLINIKA";12976.0;138.0;94.0;6.1
2020.0;"Uþ visus metus";"VÐÁ VILNIAUS RAJ. CENTRINË POLIKLINIKA";12363.0;73.0;169.4;7.1
2020.0;"Uþ visus metus";"VÐÁ ÐEÐKINËS POLIKLINIKA";10855.0;113.0;96.1;6.9
2020.0;"Uþ visus metus";"UAB INMEDICA";10811.0;113.0;95.7;6.4
2020.0;"Uþ visus metus";"VÐÁ KAROLINIÐKIØ POLIKLINIKA";8447.0;86.0;98.2;7.1
2020.0;"Uþ visus metus";"VÐÁ ÐIAULIØ CENTRO POLIKLINIKA";7055.0;51.0;138.3;7.4
2020.0;"Uþ visus metus";"LIETUVOS SVEIKATOS MOKSLØ UNIVERSITETO LIGONINË KAUNO KLINIKOS";6674.0;511.0;13.1;10.1
